珠江夜游,0,广东·广州·天河区,56,1534,0,广东省广州市越秀区,"113.277534,23.121129",珠江夜景，游广州必不可少的景点,/ticket/detail_303066616.html?st=a3clM0QlRTUlQTQlQTklRTYlQjIlQjMlMjZpZCUzRDE5NzE5MCUyNnR5cGUlM0QwJTI2aWR4JTNEMSUyNnF0JTNEcmVnaW9uJTI2YXBrJTNEMiUyNnNjJTNEV1dXJTI2dXIlM0QlRTUlQjklQkYlRTUlQjclOUUlMjZsciUzRCVFNSVCOSVCRiVFNSVCNyU5RSUyNmZ0JTNEJTdCJTdE#from=mpl_search_suggest
珠江夜游西堤码头,0,广东·广州·珠江夜游,53.3,166,0,广东省广州市越秀区沿江西路49号,"113.259501,23.113865",华灯初上的时候，在西堤码头，看潮起潮落,/ticket/detail_1951251170.html?st=a3clM0QlRTUlQTQlQTklRTYlQjIlQjMlMjZpZCUzRDE4NzExOSUyNnR5cGUlM0QwJTI2aWR4JTNEMiUyNnF0JTNEcmVnaW9uJTI2YXBrJTNEMiUyNnNjJTNEV1dXJTI2dXIlM0QlRTUlQjklQkYlRTUlQjclOUUlMjZsciUzRCVFNSVCOSVCRiVFNSVCNyU5RSUyNmZ0JTNEJTdCJTdE#from=mpl_search_suggest
珠江夜游天字码头,0,广东·广州·珠江夜游,54.3,316,0,广东省广州市越秀区沿江中路200号天字码头珠江夜游内天字码头内,"113.277645,23.121188",文艺控不可放过的地方,/ticket/detail_3104039960.html?st=a3clM0QlRTUlQTQlQTklRTYlQjIlQjMlMjZpZCUzRDM3NjA1JTI2dHlwZSUzRDAlMjZpZHglM0QzJTI2cXQlM0RyZWdpb24lMjZhcGslM0QyJTI2c2MlM0RXV1clMjZ1ciUzRCVFNSVCOSVCRiVFNSVCNyU5RSUyNmxyJTNEJUU1JUI5JUJGJUU1JUI3JTlFJTI2ZnQlM0QlN0IlN0Q%3D#from=mpl_search_suggest
珠江夜游广州塔码头,0,广东·广州·珠江夜游,98,222,0,广州市海珠区滨江东路163号,"113.329245,23.113213",珠江夜游，领略不一样的珠江风情,/ticket/detail_2235189506.html?st=a3clM0QlRTUlQTQlQTklRTYlQjIlQjMlMjZpZCUzRDE5NDIyNSUyNnR5cGUlM0QwJTI2aWR4JTNENCUyNnF0JTNEcmVnaW9uJTI2YXBrJTNEMiUyNnNjJTNEV1dXJTI2dXIlM0QlRTUlQjklQkYlRTUlQjclOUUlMjZsciUzRCVFNSVCOSVCRiVFNSVCNyU5RSUyNmZ0JTNEJTdCJTdE#from=mpl_search_suggest
广州正佳极地海洋世界,0,广东·广州·天河区,98.8,676,0,广东省广州市天河路228号正佳广场2楼,"113.333655,23.138643",梦幻主题式极地海洋体验,/ticket/detail_168063393.html?st=a3clM0QlRTUlQTQlQTklRTYlQjIlQjMlMjZpZCUzRDQ1NjQyMyUyNnR5cGUlM0QwJTI2aWR4JTNENSUyNnF0JTNEcmVnaW9uJTI2YXBrJTNEMiUyNnNjJTNEV1dXJTI2dXIlM0QlRTUlQjklQkYlRTUlQjclOUUlMjZsciUzRCVFNSVCOSVCRiVFNSVCNyU5RSUyNmZ0JTNEJTdCJTdE#from=mpl_search_suggest
花城广场,0,广东·广州·天河区,129,56,0,广东省广州市天河区珠江新城CBD中心区,"113.331173,23.127292",周边规划建有39幢建筑,/ticket/detail_1543537657.html?st=a3clM0QlRTUlQTQlQTklRTYlQjIlQjMlMjZpZCUzRDE4NjUyOCUyNnR5cGUlM0QwJTI2aWR4JTNENiUyNnF0JTNEcmVnaW9uJTI2YXBrJTNEMiUyNnNjJTNEV1dXJTI2dXIlM0QlRTUlQjklQkYlRTUlQjclOUUlMjZsciUzRCVFNSVCOSVCRiVFNSVCNyU5RSUyNmZ0JTNEJTdCJTdE#from=mpl_search_suggest
珠江夜游中大码头,0,广东·广州·珠江夜游,53.3,14,0,广东省广州市海珠区新港西路135号中山大学,"113.303508,23.097318",看羊城夜景，说不尽的风情万种,/ticket/detail_132417971.html?st=a3clM0QlRTUlQTQlQTklRTYlQjIlQjMlMjZpZCUzRDE4NzExOCUyNnR5cGUlM0QwJTI2aWR4JTNENyUyNnF0JTNEcmVnaW9uJTI2YXBrJTNEMiUyNnNjJTNEV1dXJTI2dXIlM0QlRTUlQjklQkYlRTUlQjclOUUlMjZsciUzRCVFNSVCOSVCRiVFNSVCNyU5RSUyNmZ0JTNEJTdCJTdE#from=mpl_search_suggest
海心沙西区码头,0,广东·广州·天河区,53.3,52,0,广东省广州市珠江新城海心沙亚运公园海心沙码头内3号铺,"113.333463,23.116295",古色古香的造型吸引了不少市民驻足留影,/ticket/detail_4030780262.html?st=a3clM0QlRTUlQTQlQTklRTYlQjIlQjMlMjZpZCUzRDQ1NTg5MCUyNnR5cGUlM0QwJTI2aWR4JTNEOCUyNnF0JTNEcmVnaW9uJTI2YXBrJTNEMiUyNnNjJTNEV1dXJTI2dXIlM0QlRTUlQjklQkYlRTUlQjclOUUlMjZsciUzRCVFNSVCOSVCRiVFNSVCNyU5RSUyNmZ0JTNEJTdCJTdE#from=mpl_search_suggest
正佳广场商贸旅游区,4A,广东·广州·天河区,78,58,0,广东省广州市天河区天河路228号正佳广场,"113.333672,23.138888",亚洲首席体验式购物乐园,/ticket/detail_3936054508.html?st=a3clM0QlRTUlQTQlQTklRTYlQjIlQjMlMjZpZCUzRDM4MTkxJTI2dHlwZSUzRDAlMjZpZHglM0Q5JTI2cXQlM0RyZWdpb24lMjZhcGslM0QyJTI2c2MlM0RXV1clMjZ1ciUzRCVFNSVCOSVCRiVFNSVCNyU5RSUyNmxyJTNEJUU1JUI5JUJGJUU1JUI3JTlFJTI2ZnQlM0QlN0IlN0Q%3D#from=mpl_search_suggest
华南植物园,4A,广东·广州·天河区,1.1,24,0.72,广东省广州市天河区天源路1190号,"113.373013,23.18862",永不落幕的“万国奇树博览会”,/ticket/detail_3312871028.html?st=a3clM0QlRTUlQTQlQTklRTYlQjIlQjMlMjZpZCUzRDE0NzUzJTI2dHlwZSUzRDAlMjZpZHglM0QxMCUyNnF0JTNEcmVnaW9uJTI2YXBrJTNEMiUyNnNjJTNEV1dXJTI2dXIlM0QlRTUlQjklQkYlRTUlQjclOUUlMjZsciUzRCVFNSVCOSVCRiVFNSVCNyU5RSUyNmZ0JTNEJTdCJTdE#from=mpl_search_suggest
珠江夜游省总码头,0,广东·广州·珠江夜游,53.3,14,0,广东省广州市越秀区沿江西路原省总工会对面,"113.28344,23.124318",欣赏珠江不一样的夜景,/ticket/detail_649024651.html?st=a3clM0QlRTUlQTQlQTklRTYlQjIlQjMlMjZpZCUzRDE4NzEyMCUyNnR5cGUlM0QwJTI2aWR4JTNEMTElMjZxdCUzRHJlZ2lvbiUyNmFwayUzRDIlMjZzYyUzRFdXVyUyNnVyJTNEJUU1JUI5JUJGJUU1JUI3JTlFJTI2bHIlM0QlRTUlQjklQkYlRTUlQjclOUUlMjZmdCUzRCU3QiU3RA%3D%3D#from=mpl_search_suggest
广州都市双层观光巴士,0,广东·广州·天河区,45,8,0,广州市天河区艺苑路广州塔总站广州塔西门入口,"113.329787,23.110379", ,/ticket/detail_3181089938.html?st=a3clM0QlRTUlQTQlQTklRTYlQjIlQjMlMjZpZCUzRDQ3MDU0MCUyNnR5cGUlM0QwJTI2aWR4JTNEMTIlMjZxdCUzRHJlZ2lvbiUyNmFwayUzRDIlMjZzYyUzRFdXVyUyNnVyJTNEJUU1JUI5JUJGJUU1JUI3JTlFJTI2bHIlM0QlRTUlQjklQkYlRTUlQjclOUUlMjZmdCUzRCU3QiU3RA%3D%3D#from=mpl_search_suggest
珠江夜游海心沙东区码头,0,广东·广州·天河区,68,6,0,广东省广州市天河区海心沙广场东区海心沙东区码头,"113.331867,23.116471",远可隔江观赏小蛮腰，近可游玩海心沙风情街,/ticket/detail_3893754769.html?st=a3clM0QlRTUlQTQlQTklRTYlQjIlQjMlMjZpZCUzRDQ2NjI3MSUyNnR5cGUlM0QwJTI2aWR4JTNEMTMlMjZxdCUzRHJlZ2lvbiUyNmFwayUzRDIlMjZzYyUzRFdXVyUyNnVyJTNEJUU1JUI5JUJGJUU1JUI3JTlFJTI2bHIlM0QlRTUlQjklQkYlRTUlQjclOUUlMjZmdCUzRCU3QiU3RA%3D%3D#from=mpl_search_suggest
正佳自然科学博物馆,0,广东·广州·天河区,78,12,0,广东省广州市天河区天河路228号正佳广场6楼,"113.333636,23.137862",一个参照国际标准打造的新型自然科学博物馆,/ticket/detail_4269411986.html?st=a3clM0QlRTUlQTQlQTklRTYlQjIlQjMlMjZpZCUzRDQ2ODExMiUyNnR5cGUlM0QwJTI2aWR4JTNEMTQlMjZxdCUzRHJlZ2lvbiUyNmFwayUzRDIlMjZzYyUzRFdXVyUyNnVyJTNEJUU1JUI5JUJGJUU1JUI3JTlFJTI2bHIlM0QlRTUlQjklQkYlRTUlQjclOUUlMjZmdCUzRCU3QiU3RA%3D%3D#from=mpl_search_suggest
正佳雨林生态植物园,0,广东·广州·天河区,87.2,60,0,广东省广州市天河区天河路228号正佳广场七层东庭,"113.333631,23.137856",来繁华都市中的雨林秘境，探寻生态奥秘,/ticket/detail_13439146.html?st=a3clM0QlRTUlQTQlQTklRTYlQjIlQjMlMjZpZCUzRDQ3NDYwNyUyNnR5cGUlM0QwJTI2aWR4JTNEMTUlMjZxdCUzRHJlZ2lvbiUyNmFwayUzRDIlMjZzYyUzRFdXVyUyNnVyJTNEJUU1JUI5JUJGJUU1JUI3JTlFJTI2bHIlM0QlRTUlQjklQkYlRTUlQjclOUUlMjZmdCUzRCU3QiU3RA%3D%3D#from=mpl_search_suggest
海心沙公园,0,广东·广州·天河区,129,6,0,广东省广州市天河区珠江新城花城广场,"113.32973,23.117069",极富国际大都市的豪华气派,/ticket/detail_1379484154.html?st=a3clM0QlRTUlQTQlQTklRTYlQjIlQjMlMjZpZCUzRDMzNjMwJTI2dHlwZSUzRDAlMjZpZHglM0QxNiUyNnF0JTNEcmVnaW9uJTI2YXBrJTNEMiUyNnNjJTNEV1dXJTI2dXIlM0QlRTUlQjklQkYlRTUlQjclOUUlMjZsciUzRCVFNSVCOSVCRiVFNSVCNyU5RSUyNmZ0JTNEJTdCJTdE#from=mpl_search_suggest
反弹蹦床公园,0,广东·广州·天河区,148,83,0,广东省广州市天河区奥体南路12号高德汇购物中心小Q反斗城1楼,"113.420364,23.136342",体验蹦床的快感,/ticket/detail_1165196254.html?st=a3clM0QlRTUlQTQlQTklRTYlQjIlQjMlMjZpZCUzRDIwMDMxMCUyNnR5cGUlM0QwJTI2aWR4JTNEMTclMjZxdCUzRHJlZ2lvbiUyNmFwayUzRDIlMjZzYyUzRFdXVyUyNnVyJTNEJUU1JUI5JUJGJUU1JUI3JTlFJTI2bHIlM0QlRTUlQjklQkYlRTUlQjclOUUlMjZmdCUzRCU3QiU3RA%3D%3D#from=mpl_search_suggest
广州时尚天河北极小镇冰雪乐园,0,广东·广州·天河区,48,62,0,广州市天河区天河路299号时尚天河中区北极小镇冰雪乐园,"113.331575,23.143232",逼真的北极雪域风光,/ticket/detail_1880727380.html?st=a3clM0QlRTUlQTQlQTklRTYlQjIlQjMlMjZpZCUzRDQ3NDY1MyUyNnR5cGUlM0QwJTI2aWR4JTNEMTglMjZxdCUzRHJlZ2lvbiUyNmFwayUzRDIlMjZzYyUzRFdXVyUyNnVyJTNEJUU1JUI5JUJGJUU1JUI3JTlFJTI2bHIlM0QlRTUlQjklQkYlRTUlQjclOUUlMjZmdCUzRCU3QiU3RA%3D%3D#from=mpl_search_suggest
广州梵高星空艺术馆（时尚天河旗舰店）,0,广东·广州·天河区,49.9,2,0,广州市天河区时尚天河中区中一街-艺展中心,"113.33152,23.141769",广州梵高星空艺术馆（时尚天河旗舰店）位于时尚天河艺展中心，是大型梵高品牌馆，艺术馆以梵高作品为主题，设有沉浸式艺术互动装,/ticket/detail_2782482147.html?st=a3clM0QlRTUlQTQlQTklRTYlQjIlQjMlMjZpZCUzRDUwNDM0MiUyNnR5cGUlM0QwJTI2aWR4JTNEMTklMjZxdCUzRHJlZ2lvbiUyNmFwayUzRDIlMjZzYyUzRFdXVyUyNnVyJTNEJUU1JUI5JUJGJUU1JUI3JTlFJTI2bHIlM0QlRTUlQjklQkYlRTUlQjclOUUlMjZmdCUzRCU3QiU3RA%3D%3D#from=mpl_search_suggest
广州失恋博物馆（花城汇旗舰店）,0,广东·广州·天河区,20,69,0,广州市天河区花城汇中区巴星夜芭莎内,"113.331166,23.127561",将失恋放进博物馆里展出，呈现出一个个关于前任的爱情故事，静静的诉说着曾经的刻骨铭心……这一个关于爱情的展馆——失恋博物馆,/ticket/detail_3586177124.html?st=a3clM0QlRTUlQTQlQTklRTYlQjIlQjMlMjZpZCUzRDUwNTExOSUyNnR5cGUlM0QwJTI2aWR4JTNEMjAlMjZxdCUzRHJlZ2lvbiUyNmFwayUzRDIlMjZzYyUzRFdXVyUyNnVyJTNEJUU1JUI5JUJGJUU1JUI3JTlFJTI2bHIlM0QlRTUlQjklQkYlRTUlQjclOUUlMjZmdCUzRCU3QiU3RA%3D%3D#from=mpl_search_suggest
广州失恋博物馆（女生馆）,0,广东·广州·天河区,29.9,37,0,广州市天河区天河路598号百脑汇5楼,"113.345873,23.139927",广州失恋博物馆（女生馆）位于百脑汇5楼，将失恋放进博物馆里展出，呈现出一个个关于前任的爱情故事，静静的诉说着曾经的刻骨铭,/ticket/detail_470325581.html?st=a3clM0QlRTUlQTQlQTklRTYlQjIlQjMlMjZpZCUzRDUwNTcwNSUyNnR5cGUlM0QwJTI2aWR4JTNEMjElMjZxdCUzRHJlZ2lvbiUyNmFwayUzRDIlMjZzYyUzRFdXVyUyNnVyJTNEJUU1JUI5JUJGJUU1JUI3JTlFJTI2bHIlM0QlRTUlQjklQkYlRTUlQjclOUUlMjZmdCUzRCU3QiU3RA%3D%3D#from=mpl_search_suggest
良人归国风体验馆（时尚天河旗舰店）,0,广东·广州,29.9,75,0,广州市天河区一号线体育中心b3出口时尚天河中区中一街梵高星空艺术馆旁,"113.331127,23.141689",体验国风汉服，试穿各式各样的传统服装，感受国风文化,/ticket/detail_1852211621.html?st=a3clM0QlRTUlQTQlQTklRTYlQjIlQjMlMjZpZCUzRDUwOTc0MiUyNnR5cGUlM0QwJTI2aWR4JTNEMjIlMjZxdCUzRHJlZ2lvbiUyNmFwayUzRDIlMjZzYyUzRFdXVyUyNnVyJTNEJUU1JUI5JUJGJUU1JUI3JTlFJTI2bHIlM0QlRTUlQjklQkYlRTUlQjclOUUlMjZmdCUzRCU3QiU3RA%3D%3D#from=mpl_search_suggest
小王子中国行城市体验馆（广州站）,0,广东·广州·天河区,0,0,0,广东省广州花城广场海心沙,"113.331059,23.120589",真实还原经典场景，与小王子零距离互动,/ticket/detail_3609225196.html?st=a3clM0QlRTUlQTQlQTklRTYlQjIlQjMlMjZpZCUzRDQ1NjAyNyUyNnR5cGUlM0QwJTI2aWR4JTNEMjMlMjZxdCUzRHJlZ2lvbiUyNmFwayUzRDIlMjZzYyUzRFdXVyUyNnVyJTNEJUU1JUI5JUJGJUU1JUI3JTlFJTI2bHIlM0QlRTUlQjklQkYlRTUlQjclOUUlMjZmdCUzRCU3QiU3RA%3D%3D#from=mpl_search_suggest
珠江夜游芳村码头,0,广东·广州·珠江夜游,0,0,0,广东省广州市荔湾区长堤街20号,"113.247222,23.107058",入夜华灯璀灿，景色十分秀丽,/ticket/detail_3521945945.html?st=a3clM0QlRTUlQTQlQTklRTYlQjIlQjMlMjZpZCUzRDE4NzExNyUyNnR5cGUlM0QwJTI2aWR4JTNEMjQlMjZxdCUzRHJlZ2lvbiUyNmFwayUzRDIlMjZzYyUzRFdXVyUyNnVyJTNEJUU1JUI5JUJGJUU1JUI3JTlFJTI2bHIlM0QlRTUlQjklQkYlRTUlQjclOUUlMjZmdCUzRCU3QiU3RA%3D%3D#from=mpl_search_suggest
广东省博物馆新馆,0,广东·广州·天河区,0,0,0,广东省广州市天河区珠江东路2号,"113.334173,23.120072",展示广东历史文化、自然资源文物及资料,/ticket/detail_3951547922.html?st=a3clM0QlRTUlQTQlQTklRTYlQjIlQjMlMjZpZCUzRDE4NjQyMiUyNnR5cGUlM0QwJTI2aWR4JTNEMjUlMjZxdCUzRHJlZ2lvbiUyNmFwayUzRDIlMjZzYyUzRFdXVyUyNnVyJTNEJUU1JUI5JUJGJUU1JUI3JTlFJTI2bHIlM0QlRTUlQjklQkYlRTUlQjclOUUlMjZmdCUzRCU3QiU3RA%3D%3D#from=mpl_search_suggest
高德汇卡丁车俱乐部,0,广东·广州·天河区,0,0,0,广东省广州天河区黄村奥体南路12号高德汇西门七彩乐园对面,"113.325675,23.133039",适合携伴游玩，朋友都很喜欢,/ticket/detail_1746999984.html?st=a3clM0QlRTUlQTQlQTklRTYlQjIlQjMlMjZpZCUzRDQ1MDQ2NiUyNnR5cGUlM0QwJTI2aWR4JTNEMjYlMjZxdCUzRHJlZ2lvbiUyNmFwayUzRDIlMjZzYyUzRFdXVyUyNnVyJTNEJUU1JUI5JUJGJUU1JUI3JTlFJTI2bHIlM0QlRTUlQjklQkYlRTUlQjclOUUlMjZmdCUzRCU3QiU3RA%3D%3D#from=mpl_search_suggest
华南植物园温室群,0,广东·广州·华南植物园,0,0,0,广东省广州市天河区兴科路723号,"113.373013,23.18862",亚洲大型的植物景观温室群,/ticket/detail_3834976557.html?st=a3clM0QlRTUlQTQlQTklRTYlQjIlQjMlMjZpZCUzRDE5MTI3MyUyNnR5cGUlM0QwJTI2aWR4JTNEMjclMjZxdCUzRHJlZ2lvbiUyNmFwayUzRDIlMjZzYyUzRFdXVyUyNnVyJTNEJUU1JUI5JUJGJUU1JUI3JTlFJTI2bHIlM0QlRTUlQjklQkYlRTUlQjclOUUlMjZmdCUzRCU3QiU3RA%3D%3D#from=mpl_search_suggest
天河公园魔法森林,0,广东·广州·天河区,0,0,0,广东省广州市天河区中山大道270号,"113.410023,23.128495",公园以自然生态景观为主要特色,/ticket/detail_2454881203.html?st=a3clM0QlRTUlQTQlQTklRTYlQjIlQjMlMjZpZCUzRDE5MDc4OCUyNnR5cGUlM0QwJTI2aWR4JTNEMjglMjZxdCUzRHJlZ2lvbiUyNmFwayUzRDIlMjZzYyUzRFdXVyUyNnVyJTNEJUU1JUI5JUJGJUU1JUI3JTlFJTI2bHIlM0QlRTUlQjklQkYlRTUlQjclOUUlMjZmdCUzRCU3QiU3RA%3D%3D#from=mpl_search_suggest
60MINS密室逃脱,0,广东·广州·天河区,0,0,0,广东省广州市天河区天河路238号华龙大厦16楼,"113.338209,23.138793",疑点重重，扑朔迷离，刺激的密室逃脱,/ticket/detail_1510965700.html?st=a3clM0QlRTUlQTQlQTklRTYlQjIlQjMlMjZpZCUzRDE5NzQ4NCUyNnR5cGUlM0QwJTI2aWR4JTNEMjklMjZxdCUzRHJlZ2lvbiUyNmFwayUzRDIlMjZzYyUzRFdXVyUyNnVyJTNEJUU1JUI5JUJGJUU1JUI3JTlFJTI2bHIlM0QlRTUlQjklQkYlRTUlQjclOUUlMjZmdCUzRCU3QiU3RA%3D%3D#from=mpl_search_suggest
广州正佳冰河湾真冰溜冰场,0,广东·广州·天河区,0,0,0,广东省广州市天河路228号正佳广场5楼中庭,"113.333626,23.13745",都市的喧嚣中营有一片纯净的白色世界,/ticket/detail_2827006104.html?st=a3clM0QlRTUlQTQlQTklRTYlQjIlQjMlMjZpZCUzRDQ0MTEwNSUyNnR5cGUlM0QwJTI2aWR4JTNEMzAlMjZxdCUzRHJlZ2lvbiUyNmFwayUzRDIlMjZzYyUzRFdXVyUyNnVyJTNEJUU1JUI5JUJGJUU1JUI3JTlFJTI2bHIlM0QlRTUlQjklQkYlRTUlQjclOUUlMjZmdCUzRCU3QiU3RA%3D%3D#from=mpl_search_suggest
凯达溜冰场,0,广东·广州·天河区,0,0,0,广东省广州市天河区龙洞迎龙路184号,"113.37115,23.203982",在冰场上自由翱翔，在滑行中享受无穷乐趣,/ticket/detail_3167991301.html?st=a3clM0QlRTUlQTQlQTklRTYlQjIlQjMlMjZpZCUzRDIwMTQ5MCUyNnR5cGUlM0QwJTI2aWR4JTNEMzElMjZxdCUzRHJlZ2lvbiUyNmFwayUzRDIlMjZzYyUzRFdXVyUyNnVyJTNEJUU1JUI5JUJGJUU1JUI3JTlFJTI2bHIlM0QlRTUlQjklQkYlRTUlQjclOUUlMjZmdCUzRCU3QiU3RA%3D%3D#from=mpl_search_suggest
天河体育中心,0,广东·广州·天河区,0,0,0,广东省广州市天河区天河路299号,"113.330149,23.143714",成为新城市中轴线上璀璨的明珠,/ticket/detail_4277290745.html?st=a3clM0QlRTUlQTQlQTklRTYlQjIlQjMlMjZpZCUzRDQxNjQyJTI2dHlwZSUzRDAlMjZpZHglM0QzMiUyNnF0JTNEcmVnaW9uJTI2YXBrJTNEMiUyNnNjJTNEV1dXJTI2dXIlM0QlRTUlQjklQkYlRTUlQjclOUUlMjZsciUzRCVFNSVCOSVCRiVFNSVCNyU5RSUyNmZ0JTNEJTdCJTdE#from=mpl_search_suggest
广州航天奇观,0,广东·广州·天河区,0,0,0.7,广州天河区东圃镇,"113.414635,23.154273",科幻、游乐于一体的大型游乐景点。它地处广州天河区东圃镇，由当地农民投资2亿多元兴建。1996年11月动工，1997年10,/ticket/detail_3511191695.html?st=a3clM0QlRTUlQTQlQTklRTYlQjIlQjMlMjZpZCUzRDE5NDQlMjZ0eXBlJTNEMCUyNmlkeCUzRDMzJTI2cXQlM0RyZWdpb24lMjZhcGslM0QyJTI2c2MlM0RXV1clMjZ1ciUzRCVFNSVCOSVCRiVFNSVCNyU5RSUyNmxyJTNEJUU1JUI5JUJGJUU1JUI3JTlFJTI2ZnQlM0QlN0IlN0Q%3D#from=mpl_search_suggest
奥飞欢乐世界（广州奥体优托邦店）,0,广东·广州·天河区,0,0,0,广东省广州市天河区奥体南路12号优托邦当季2楼,"113.422926,23.13762",每个人都能感受到属于自己的快乐与梦想,/ticket/detail_1787803689.html?st=a3clM0QlRTUlQTQlQTklRTYlQjIlQjMlMjZpZCUzRDQ2OTUxMCUyNnR5cGUlM0QwJTI2aWR4JTNEMzQlMjZxdCUzRHJlZ2lvbiUyNmFwayUzRDIlMjZzYyUzRFdXVyUyNnVyJTNEJUU1JUI5JUJGJUU1JUI3JTlFJTI2bHIlM0QlRTUlQjklQkYlRTUlQjclOUUlMjZmdCUzRCU3QiU3RA%3D%3D#from=mpl_search_suggest
文艺复兴2018意大利沉浸式多媒体艺术展,0,广东·广州·天河区,0,0,0,广东省广州市天河区海心沙展馆,"113.326905,23.116195",文艺复兴为主题的新媒体艺术展,/ticket/detail_4070700183.html?st=a3clM0QlRTUlQTQlQTklRTYlQjIlQjMlMjZpZCUzRDQ2OTQ4NCUyNnR5cGUlM0QwJTI2aWR4JTNEMzUlMjZxdCUzRHJlZ2lvbiUyNmFwayUzRDIlMjZzYyUzRFdXVyUyNnVyJTNEJUU1JUI5JUJGJUU1JUI3JTlFJTI2bHIlM0QlRTUlQjklQkYlRTUlQjclOUUlMjZmdCUzRCU3QiU3RA%3D%3D#from=mpl_search_suggest
广州chi K11艺术空间,0,广东·广州·天河区,0,0,0,广州市天河区珠江东路6号K11购物艺术中心4楼,"113.332787,23.124219","广州chi K11艺术空间位于广州K11购物艺术中心4楼，是一个以艺术展出为主的创新空间。
chi K11艺术空间以一种",/ticket/detail_2931506825.html?st=a3clM0QlRTUlQTQlQTklRTYlQjIlQjMlMjZpZCUzRDQ3NjIwNCUyNnR5cGUlM0QwJTI2aWR4JTNEMzYlMjZxdCUzRHJlZ2lvbiUyNmFwayUzRDIlMjZzYyUzRFdXVyUyNnVyJTNEJUU1JUI5JUJGJUU1JUI3JTlFJTI2bHIlM0QlRTUlQjklQkYlRTUlQjclOUUlMjZmdCUzRCU3QiU3RA%3D%3D#from=mpl_search_suggest
太古汇,0,广东·广州·天河区,0,0,0,广东省广州市天河区天河东路75号,"113.338851,23.1395",广州新亮点,/ticket/detail_584644083.html?st=a3clM0QlRTUlQTQlQTklRTYlQjIlQjMlMjZpZCUzRDE4NjU5MiUyNnR5cGUlM0QwJTI2aWR4JTNEMzclMjZxdCUzRHJlZ2lvbiUyNmFwayUzRDIlMjZzYyUzRFdXVyUyNnVyJTNEJUU1JUI5JUJGJUU1JUI3JTlFJTI2bHIlM0QlRTUlQjklQkYlRTUlQjclOUUlMjZmdCUzRCU3QiU3RA%3D%3D#from=mpl_search_suggest
广州韩国《乱打神厨》（正佳演艺剧院）,0,广东·广州·天河区,0,0,0,广州市天河区天河路228号正佳广场7楼,"113.333655,23.138643",为每个观剧者奉献听觉盛宴,/ticket/detail_269414547.html?st=a3clM0QlRTUlQTQlQTklRTYlQjIlQjMlMjZpZCUzRDQ1NjY3NyUyNnR5cGUlM0QwJTI2aWR4JTNEMzglMjZxdCUzRHJlZ2lvbiUyNmFwayUzRDIlMjZzYyUzRFdXVyUyNnVyJTNEJUU1JUI5JUJGJUU1JUI3JTlFJTI2bHIlM0QlRTUlQjklQkYlRTUlQjclOUUlMjZmdCUzRCU3QiU3RA%3D%3D#from=mpl_search_suggest
华南农业大学,0,广东·广州·天河区,0,0,0,广东省广州市天河区五山路483号,"113.363839,23.158483",热带、亚热带特色的综合型大学,/ticket/detail_718883131.html?st=a3clM0QlRTUlQTQlQTklRTYlQjIlQjMlMjZpZCUzRDQ1OTAwNSUyNnR5cGUlM0QwJTI2aWR4JTNEMzklMjZxdCUzRHJlZ2lvbiUyNmFwayUzRDIlMjZzYyUzRFdXVyUyNnVyJTNEJUU1JUI5JUJGJUU1JUI3JTlFJTI2bHIlM0QlRTUlQjklQkYlRTUlQjclOUUlMjZmdCUzRCU3QiU3RA%3D%3D#from=mpl_search_suggest
火炉山森林公园,0,广东·广州·天河区,0,0,0,广东省广州市天河区火炉山北路,"113.396925,23.187254",火炉山位于广州市天河区东北部，广汕公路南侧，西接华南植物园，北临广东树木公园，东隔大观路，与世界大观、航天奇观两个大型娱,/ticket/detail_2527569554.html?st=a3clM0QlRTUlQTQlQTklRTYlQjIlQjMlMjZpZCUzRDE4NjYxOCUyNnR5cGUlM0QwJTI2aWR4JTNENDAlMjZxdCUzRHJlZ2lvbiUyNmFwayUzRDIlMjZzYyUzRFdXVyUyNnVyJTNEJUU1JUI5JUJGJUU1JUI3JTlFJTI2bHIlM0QlRTUlQjklQkYlRTUlQjclOUUlMjZmdCUzRCU3QiU3RA%3D%3D#from=mpl_search_suggest
梦幻冰雪王国,0,广东·广州·天河区,0,0,0,广东省广州市天河区大观南路36号奥体中心,"113.413116,23.14487",盛夏哪里去看雪？梦幻冰雪王国等你来,/ticket/detail_1554869943.html?st=a3clM0QlRTUlQTQlQTklRTYlQjIlQjMlMjZpZCUzRDQ1MDgzNSUyNnR5cGUlM0QwJTI2aWR4JTNENDElMjZxdCUzRHJlZ2lvbiUyNmFwayUzRDIlMjZzYyUzRFdXVyUyNnVyJTNEJUU1JUI5JUJGJUU1JUI3JTlFJTI2bHIlM0QlRTUlQjklQkYlRTUlQjclOUUlMjZmdCUzRCU3QiU3RA%3D%3D#from=mpl_search_suggest
珠江公园,0,广东·广州·天河区,0,0,0.7,广东省广州市天河区,"113.345366,23.125762",广州珠江公园座落在天河区珠江新城，是一个集观赏、游憩、科普和休闲于一体的市级公园，是广州市三年一中变的成果之一，于200,/ticket/detail_3291899823.html?st=a3clM0QlRTUlQTQlQTklRTYlQjIlQjMlMjZpZCUzRDEyNjYlMjZ0eXBlJTNEMCUyNmlkeCUzRDQyJTI2cXQlM0RyZWdpb24lMjZhcGslM0QyJTI2c2MlM0RXV1clMjZ1ciUzRCVFNSVCOSVCRiVFNSVCNyU5RSUyNmxyJTNEJUU1JUI5JUJGJUU1JUI3JTlFJTI2ZnQlM0QlN0IlN0Q%3D#from=mpl_search_suggest
十九路军陵园,3A,广东·广州·天河区,0,0,0.7,广东省广州天河区水荫路113号,"113.316579,23.150939",建筑规模宏伟，布置严谨，造型庄重典雅,/ticket/detail_2117029516.html?st=a3clM0QlRTUlQTQlQTklRTYlQjIlQjMlMjZpZCUzRDI1NjIlMjZ0eXBlJTNEMCUyNmlkeCUzRDQzJTI2cXQlM0RyZWdpb24lMjZhcGslM0QyJTI2c2MlM0RXV1clMjZ1ciUzRCVFNSVCOSVCRiVFNSVCNyU5RSUyNmxyJTNEJUU1JUI5JUJGJUU1JUI3JTlFJTI2ZnQlM0QlN0IlN0Q%3D#from=mpl_search_suggest
奥亦未来虚拟现实体验中心,0,广东·广州·天河区,0,0,0,广东省广州市天河区天河路228号正佳广场6楼,"113.333535,23.137973",给你独特的VR体验,/ticket/detail_3064068731.html?st=a3clM0QlRTUlQTQlQTklRTYlQjIlQjMlMjZpZCUzRDQ2MjgxNiUyNnR5cGUlM0QwJTI2aWR4JTNENDQlMjZxdCUzRHJlZ2lvbiUyNmFwayUzRDIlMjZzYyUzRFdXVyUyNnVyJTNEJUU1JUI5JUJGJUU1JUI3JTlFJTI2bHIlM0QlRTUlQjklQkYlRTUlQjclOUUlMjZmdCUzRCU3QiU3RA%3D%3D#from=mpl_search_suggest
53美术馆,0,广东·广州·天河区,0,0,0,广州市天河区广园快速路汇景路汇苑街19号,"113.375482,23.149021", ,/ticket/detail_2467961906.html?st=a3clM0QlRTUlQTQlQTklRTYlQjIlQjMlMjZpZCUzRDQ3NTYxNSUyNnR5cGUlM0QwJTI2aWR4JTNENDUlMjZxdCUzRHJlZ2lvbiUyNmFwayUzRDIlMjZzYyUzRFdXVyUyNnVyJTNEJUU1JUI5JUJGJUU1JUI3JTlFJTI2bHIlM0QlRTUlQjklQkYlRTUlQjclOUUlMjZmdCUzRCU3QiU3RA%3D%3D#from=mpl_search_suggest
喜阳奥体野战基地,0,广东·广州·天河区,0,0,0,广东广州天河区大观南路广东奥体中心游泳馆后面,"113.413839,23.147065",广东地区野战、拓展的好地方,/ticket/detail_2357512875.html?st=a3clM0QlRTUlQTQlQTklRTYlQjIlQjMlMjZpZCUzRDIxNDY4NCUyNnR5cGUlM0QwJTI2aWR4JTNENDYlMjZxdCUzRHJlZ2lvbiUyNmFwayUzRDIlMjZzYyUzRFdXVyUyNnVyJTNEJUU1JUI5JUJGJUU1JUI3JTlFJTI2bHIlM0QlRTUlQjklQkYlRTUlQjclOUUlMjZmdCUzRCU3QiU3RA%3D%3D#from=mpl_search_suggest
广州天河客运站,0,广东·广州·天河区,0,0,0,广东广州市天河区燕岭路633号,"113.349085,23.176481",多功能综合性汽车客运站,/ticket/detail_4267299884.html?st=a3clM0QlRTUlQTQlQTklRTYlQjIlQjMlMjZpZCUzRDIxNTE1MiUyNnR5cGUlM0QwJTI2aWR4JTNENDclMjZxdCUzRHJlZ2lvbiUyNmFwayUzRDIlMjZzYyUzRFdXVyUyNnVyJTNEJUU1JUI5JUJGJUU1JUI3JTlFJTI2bHIlM0QlRTUlQjklQkYlRTUlQjclOUUlMjZmdCUzRCU3QiU3RA%3D%3D#from=mpl_search_suggest
红专厂,0,广东·广州·天河区,0,0,0,广东省广州市天河区员村四横路128号,"113.37669,23.121127",广州城市文化表达的视窗和文精神的境地,/ticket/detail_3423502411.html?st=a3clM0QlRTUlQTQlQTklRTYlQjIlQjMlMjZpZCUzRDQxODY3JTI2dHlwZSUzRDAlMjZpZHglM0Q0OCUyNnF0JTNEcmVnaW9uJTI2YXBrJTNEMiUyNnNjJTNEV1dXJTI2dXIlM0QlRTUlQjklQkYlRTUlQjclOUUlMjZsciUzRCVFNSVCOSVCRiVFNSVCNyU5RSUyNmZ0JTNEJTdCJTdE#from=mpl_search_suggest
橄榄公园,0,广东·广州·天河区,0,0,0.7,广州市东圃镇吉山村,"113.43722640149,23.139322829261",公园位于天河区东圃镇吉山村，占地约28万平方米。以橄榄树为主。1997年，该公园已完成了建设规划，并投资300万元进行首,/ticket/detail_989392901.html?st=a3clM0QlRTUlQTQlQTklRTYlQjIlQjMlMjZpZCUzRDU3MTYlMjZ0eXBlJTNEMCUyNmlkeCUzRDQ5JTI2cXQlM0RyZWdpb24lMjZhcGslM0QyJTI2c2MlM0RXV1clMjZ1ciUzRCVFNSVCOSVCRiVFNSVCNyU5RSUyNmxyJTNEJUU1JUI5JUJGJUU1JUI3JTlFJTI2ZnQlM0QlN0IlN0Q%3D#from=mpl_search_suggest
杨桃公园,0,广东·广州·天河区,0,0,0,广东省广州天河区东圃镇前进村宦溪,"113.420196,23.118677",珠江北岸的一块具有岭南水乡特色的果林基地,/ticket/detail_2795777464.html?st=a3clM0QlRTUlQTQlQTklRTYlQjIlQjMlMjZpZCUzRDQ1NDk4OCUyNnR5cGUlM0QwJTI2aWR4JTNENTAlMjZxdCUzRHJlZ2lvbiUyNmFwayUzRDIlMjZzYyUzRFdXVyUyNnVyJTNEJUU1JUI5JUJGJUU1JUI3JTlFJTI2bHIlM0QlRTUlQjklQkYlRTUlQjclOUUlMjZmdCUzRCU3QiU3RA%3D%3D#from=mpl_search_suggest
广州大剧院,0,广东·广州·天河区,0,0,0,广东广州市天河区珠江新城珠江西路1号,"113.328124,23.12078",七大标志性建筑之一,/ticket/detail_2983803717.html?st=a3clM0QlRTUlQTQlQTklRTYlQjIlQjMlMjZpZCUzRDIxMzQwMyUyNnR5cGUlM0QwJTI2aWR4JTNENTElMjZxdCUzRHJlZ2lvbiUyNmFwayUzRDIlMjZzYyUzRFdXVyUyNnVyJTNEJUU1JUI5JUJGJUU1JUI3JTlFJTI2bHIlM0QlRTUlQjklQkYlRTUlQjclOUUlMjZmdCUzRCU3QiU3RA%3D%3D#from=mpl_search_suggest
广州世界大观,0,广东·广州·天河区,0,0,0.7,广州市天河区东圃镇东沙路,"113.418336,23.15075",以独特的设计展现五大洲的风貌,/ticket/detail_2010816295.html?st=a3clM0QlRTUlQTQlQTklRTYlQjIlQjMlMjZpZCUzRDEzNTM5JTI2dHlwZSUzRDAlMjZpZHglM0Q1MiUyNnF0JTNEcmVnaW9uJTI2YXBrJTNEMiUyNnNjJTNEV1dXJTI2dXIlM0QlRTUlQjklQkYlRTUlQjclOUUlMjZsciUzRCVFNSVCOSVCRiVFNSVCNyU5RSUyNmZ0JTNEJTdCJTdE#from=mpl_search_suggest
火炉山真人CS,0,广东·广州·天河区,0,0,0,广东省广州市天河区火炉山森林公园停车场旁,"113.391098,23.179188",真实场景，先进设备，完美作战场地,/ticket/detail_3103151495.html?st=a3clM0QlRTUlQTQlQTklRTYlQjIlQjMlMjZpZCUzRDIwMTU1MiUyNnR5cGUlM0QwJTI2aWR4JTNENTMlMjZxdCUzRHJlZ2lvbiUyNmFwayUzRDIlMjZzYyUzRFdXVyUyNnVyJTNEJUU1JUI5JUJGJUU1JUI3JTlFJTI2bHIlM0QlRTUlQjklQkYlRTUlQjclOUUlMjZmdCUzRCU3QiU3RA%3D%3D#from=mpl_search_suggest
天河城,0,广东·广州·天河区,0,0,0.92,广州天河区中心,"113.33032428738,23.141871414656","天河城位于广州天河区中心,与天河体育中心和广州购书中心相邻，是一个集购物中心、酒店、写字楼于一体的大型城市建筑综合体，总",/ticket/detail_2659374.html?st=a3clM0QlRTUlQTQlQTklRTYlQjIlQjMlMjZpZCUzRDU5MTAlMjZ0eXBlJTNEMCUyNmlkeCUzRDU0JTI2cXQlM0RyZWdpb24lMjZhcGslM0QyJTI2c2MlM0RXV1clMjZ1ciUzRCVFNSVCOSVCRiVFNSVCNyU5RSUyNmxyJTNEJUU1JUI5JUJGJUU1JUI3JTlFJTI2ZnQlM0QlN0IlN0Q%3D#from=mpl_search_suggest
珠江新城广场,0,广东·广州·天河区,0,0,0.7,广东省广州市天河区黄埔大道西302号,"113.33406006858,23.131099131864",珠江新城广场是在原"冼村商业城"的基础上，按高起点、高品质、国际现代化大型综合商场的标准改造而成。广场坐落于天河商业中心,/ticket/detail_931722838.html?st=a3clM0QlRTUlQTQlQTklRTYlQjIlQjMlMjZpZCUzRDMxOTclMjZ0eXBlJTNEMCUyNmlkeCUzRDU1JTI2cXQlM0RyZWdpb24lMjZhcGslM0QyJTI2c2MlM0RXV1clMjZ1ciUzRCVFNSVCOSVCRiVFNSVCNyU5RSUyNmxyJTNEJUU1JUI5JUJGJUU1JUI3JTlFJTI2ZnQlM0QlN0IlN0Q%3D#from=mpl_search_suggest
安然纳米汗蒸馆（车陂店）,0,广东·广州·天河区,0,0,0,广东省广州市天河区车陂北街惠苑楼16号,"113.40383,23.131714",带给你21世纪理想的健康方式--细胞浴,/ticket/detail_2872122200.html?st=a3clM0QlRTUlQTQlQTklRTYlQjIlQjMlMjZpZCUzRDQ1MDcwMSUyNnR5cGUlM0QwJTI2aWR4JTNENTYlMjZxdCUzRHJlZ2lvbiUyNmFwayUzRDIlMjZzYyUzRFdXVyUyNnVyJTNEJUU1JUI5JUJGJUU1JUI3JTlFJTI2bHIlM0QlRTUlQjklQkYlRTUlQjclOUUlMjZmdCUzRCU3QiU3RA%3D%3D#from=mpl_search_suggest
正佳演艺剧院剧场《谁的生日好好玩》,0,广东·广州·天河区,0,0,0,广东省广州市天河区天河路228号正佳广场7楼正佳演艺剧院,"113.33388,23.138079",动漫明星大派对,/ticket/detail_3956454857.html?st=a3clM0QlRTUlQTQlQTklRTYlQjIlQjMlMjZpZCUzRDQ2ODM0MCUyNnR5cGUlM0QwJTI2aWR4JTNENTclMjZxdCUzRHJlZ2lvbiUyNmFwayUzRDIlMjZzYyUzRFdXVyUyNnVyJTNEJUU1JUI5JUJGJUU1JUI3JTlFJTI2bHIlM0QlRTUlQjklQkYlRTUlQjclOUUlMjZmdCUzRCU3QiU3RA%3D%3D#from=mpl_search_suggest
东方宝泰购物广场,0,广东·广州·天河区,0,0,0,广东广州天河区林和中路63号,"113.330692,23.152633",位于羊城新八景“天河飘绢”城市景观瀑布生态广场内的东方宝泰购物广场为地铁站上盖物业，由地铁一号线和三号线交会站广州东站可,/ticket/detail_2141725479.html?st=a3clM0QlRTUlQTQlQTklRTYlQjIlQjMlMjZpZCUzRDIxMzQwMSUyNnR5cGUlM0QwJTI2aWR4JTNENTglMjZxdCUzRHJlZ2lvbiUyNmFwayUzRDIlMjZzYyUzRFdXVyUyNnVyJTNEJUU1JUI5JUJGJUU1JUI3JTlFJTI2bHIlM0QlRTUlQjklQkYlRTUlQjclOUUlMjZmdCUzRCU3QiU3RA%3D%3D#from=mpl_search_suggest
广州图书馆,0,广东·广州·天河区,0,0,0,广州市珠江新城珠江东路4号,"113.332638,23.121977",广州图书馆坐落于珠江边上、广州城市新中轴线和珠江景观轴线交汇处的花城广场。北面是超高双子塔，西侧是第二少年宫，南面是省博,/ticket/detail_2175882344.html?st=a3clM0QlRTUlQTQlQTklRTYlQjIlQjMlMjZpZCUzRDQ3NjUxMyUyNnR5cGUlM0QwJTI2aWR4JTNENTklMjZxdCUzRHJlZ2lvbiUyNmFwayUzRDIlMjZzYyUzRFdXVyUyNnVyJTNEJUU1JUI5JUJGJUU1JUI3JTlFJTI2bHIlM0QlRTUlQjklQkYlRTUlQjclOUUlMjZmdCUzRCU3QiU3RA%3D%3D#from=mpl_search_suggest
孢子与阴生植物园,0,广东·广州·华南植物园,0,0,0,广东省广州市天河区天源路1190号,"113.37228860943,23.192459952481",孢子与阴生植物园，面积10亩，保育蕨类植物121种、天南星科、苦苣苔科、凤梨科、秋海棠科等阴生植物171种，其中有国家二,/ticket/detail_366251855.html?st=a3clM0QlRTUlQTQlQTklRTYlQjIlQjMlMjZpZCUzRDI0NDk0JTI2dHlwZSUzRDAlMjZpZHglM0Q2MCUyNnF0JTNEcmVnaW9uJTI2YXBrJTNEMiUyNnNjJTNEV1dXJTI2dXIlM0QlRTUlQjklQkYlRTUlQjclOUUlMjZsciUzRCVFNSVCOSVCRiVFNSVCNyU5RSUyNmZ0JTNEJTdCJTdE#from=mpl_search_suggest
天河棠下智汇park,0,广东·广州·天河区,0,0,0,天河区广园东路博汇街6号,"113.381355,23.146269","天河•棠下智汇park
这里面积堪比4个商场的大小，藏着6大风格区，里面是按风格划分区域的，有欧美街道、80年代的香港街",/ticket/detail_2262276845.html?st=a3clM0QlRTUlQTQlQTklRTYlQjIlQjMlMjZpZCUzRDUwNTU1NyUyNnR5cGUlM0QwJTI2aWR4JTNENjElMjZxdCUzRHJlZ2lvbiUyNmFwayUzRDIlMjZzYyUzRFdXVyUyNnVyJTNEJUU1JUI5JUJGJUU1JUI3JTlFJTI2bHIlM0QlRTUlQjklQkYlRTUlQjclOUUlMjZmdCUzRCU3QiU3RA%3D%3D#from=mpl_search_suggest
广州东站广场,0,广东·广州·天河区,0,0,0,广东省广州市天河区林和中路,"113.331284,23.150286",水景瀑布被称为“羊城新八景”之一,/ticket/detail_562043363.html?st=a3clM0QlRTUlQTQlQTklRTYlQjIlQjMlMjZpZCUzRDQ1OTMyMCUyNnR5cGUlM0QwJTI2aWR4JTNENjIlMjZxdCUzRHJlZ2lvbiUyNmFwayUzRDIlMjZzYyUzRFdXVyUyNnVyJTNEJUU1JUI5JUJGJUU1JUI3JTlFJTI2bHIlM0QlRTUlQjklQkYlRTUlQjclOUUlMjZmdCUzRCU3QiU3RA%3D%3D#from=mpl_search_suggest
华龙大厦,0,广东·广州·天河区,0,0,0,广东广州市天河区天河路472号华龙大厦1601室,"113.338856,23.138435",小区环境安静幽雅，花园式系统管理模式,/ticket/detail_4208352241.html?st=a3clM0QlRTUlQTQlQTklRTYlQjIlQjMlMjZpZCUzRDIxMzQ0MSUyNnR5cGUlM0QwJTI2aWR4JTNENjMlMjZxdCUzRHJlZ2lvbiUyNmFwayUzRDIlMjZzYyUzRFdXVyUyNnVyJTNEJUU1JUI5JUJGJUU1JUI3JTlFJTI2bHIlM0QlRTUlQjklQkYlRTUlQjclOUUlMjZmdCUzRCU3QiU3RA%3D%3D#from=mpl_search_suggest
摩斯真人密室逃脱（天河店）,0,广东·广州·天河区,0,0,0,广东省广州市天河区体育西路28号西梯二层,"113.32817,23.134547",国内首家自动化机械密室,/ticket/detail_2023658059.html?st=a3clM0QlRTUlQTQlQTklRTYlQjIlQjMlMjZpZCUzRDE5ODY3NSUyNnR5cGUlM0QwJTI2aWR4JTNENjQlMjZxdCUzRHJlZ2lvbiUyNmFwayUzRDIlMjZzYyUzRFdXVyUyNnVyJTNEJUU1JUI5JUJGJUU1JUI3JTlFJTI2bHIlM0QlRTUlQjklQkYlRTUlQjclOUUlMjZmdCUzRCU3QiU3RA%3D%3D#from=mpl_search_suggest
龙眼洞森林公园,0,广东·广州·天河区,0,0,0,广东省广州市天河区东北部龙洞村西面山东坡,"113.368364,23.209732",龙眼洞森林公园是一座免费公园。公园位于广州天河区东北部，龙洞村西面山东坡，西北与白云区山眷分界，公园地处北回归线南缘，属,/ticket/detail_2080944271.html?st=a3clM0QlRTUlQTQlQTklRTYlQjIlQjMlMjZpZCUzRDE4ODE5OSUyNnR5cGUlM0QwJTI2aWR4JTNENjUlMjZxdCUzRHJlZ2lvbiUyNmFwayUzRDIlMjZzYyUzRFdXVyUyNnVyJTNEJUU1JUI5JUJGJUU1JUI3JTlFJTI2bHIlM0QlRTUlQjklQkYlRTUlQjclOUUlMjZmdCUzRCU3QiU3RA%3D%3D#from=mpl_search_suggest
龙逸山庄CS野战,0,广东·广州·天河区,0,0,0,广东省广州市天河区迎龙路1203号龙逸山庄,"113.366599,23.221614",野战之地，也需要好好挑选,/ticket/detail_1240126574.html?st=a3clM0QlRTUlQTQlQTklRTYlQjIlQjMlMjZpZCUzRDE5NDc0NSUyNnR5cGUlM0QwJTI2aWR4JTNENjYlMjZxdCUzRHJlZ2lvbiUyNmFwayUzRDIlMjZzYyUzRFdXVyUyNnVyJTNEJUU1JUI5JUJGJUU1JUI3JTlFJTI2bHIlM0QlRTUlQjklQkYlRTUlQjclOUUlMjZmdCUzRCU3QiU3RA%3D%3D#from=mpl_search_suggest
安然纳米汗蒸馆（广州大道北店）,0,广东·广州·天河区,0,0,0,广东省广州市天河区广州大道北丽庭居B栋33号,"113.334083,23.203139",高端产品、雄厚的配方技术和开发实力,/ticket/detail_1795102872.html?st=a3clM0QlRTUlQTQlQTklRTYlQjIlQjMlMjZpZCUzRDQ1NjA1MyUyNnR5cGUlM0QwJTI2aWR4JTNENjclMjZxdCUzRHJlZ2lvbiUyNmFwayUzRDIlMjZzYyUzRFdXVyUyNnVyJTNEJUU1JUI5JUJGJUU1JUI3JTlFJTI2bHIlM0QlRTUlQjklQkYlRTUlQjclOUUlMjZmdCUzRCU3QiU3RA%3D%3D#from=mpl_search_suggest
广州优托邦（奥体）家年华儿童童话剧,0,广东·广州·天河区,0,0,0,广东省广州市天河区奥体南路12号优托邦家年华公园,"113.422409,23.13699",让童话人物陪孩子过周末,/ticket/detail_1640632631.html?st=a3clM0QlRTUlQTQlQTklRTYlQjIlQjMlMjZpZCUzRDQ2MzAwOCUyNnR5cGUlM0QwJTI2aWR4JTNENjglMjZxdCUzRHJlZ2lvbiUyNmFwayUzRDIlMjZzYyUzRFdXVyUyNnVyJTNEJUU1JUI5JUJGJUU1JUI3JTlFJTI2bHIlM0QlRTUlQjklQkYlRTUlQjclOUUlMjZmdCUzRCU3QiU3RA%3D%3D#from=mpl_search_suggest
宝贝坊,0,广东·广州·天河区,0,0,0,广东省天河区花城广场负一层花城汇南区c17铺,"113.331142,23.123455",集游乐、运动、益智、健身为一体的儿童中心,/ticket/detail_2013169781.html?st=a3clM0QlRTUlQTQlQTklRTYlQjIlQjMlMjZpZCUzRDIwMjMwOCUyNnR5cGUlM0QwJTI2aWR4JTNENjklMjZxdCUzRHJlZ2lvbiUyNmFwayUzRDIlMjZzYyUzRFdXVyUyNnVyJTNEJUU1JUI5JUJGJUU1JUI3JTlFJTI2bHIlM0QlRTUlQjklQkYlRTUlQjclOUUlMjZmdCUzRCU3QiU3RA%3D%3D#from=mpl_search_suggest
亚潜潜水俱乐部（省体院店）,0,广东·广州·天河区,0,0,0,广东省广州市天河区黄村奥体路52号广东体育职业技术学院综合楼,"113.41999,23.148197", ,/ticket/detail_387984762.html?st=a3clM0QlRTUlQTQlQTklRTYlQjIlQjMlMjZpZCUzRDQ1NzE3NCUyNnR5cGUlM0QwJTI2aWR4JTNENzAlMjZxdCUzRHJlZ2lvbiUyNmFwayUzRDIlMjZzYyUzRFdXVyUyNnVyJTNEJUU1JUI5JUJGJUU1JUI3JTlFJTI2bHIlM0QlRTUlQjklQkYlRTUlQjclOUUlMjZmdCUzRCU3QiU3RA%3D%3D#from=mpl_search_suggest
广州追风冰上世界,0,广东·广州·天河区,0,0,0,广州市天河区奥体南路12号优托邦2楼,"113.42132,23.135926",情景式环游世界的冰雪与滑冰之旅,/ticket/detail_1542442957.html?st=a3clM0QlRTUlQTQlQTklRTYlQjIlQjMlMjZpZCUzRDQ1Njg4OCUyNnR5cGUlM0QwJTI2aWR4JTNENzElMjZxdCUzRHJlZ2lvbiUyNmFwayUzRDIlMjZzYyUzRFdXVyUyNnVyJTNEJUU1JUI5JUJGJUU1JUI3JTlFJTI2bHIlM0QlRTUlQjklQkYlRTUlQjclOUUlMjZmdCUzRCU3QiU3RA%3D%3D#from=mpl_search_suggest
广州气象卫星地面站,3A,广东·广州·天河区,0,0,0.7,广东省广州市天河区东莞庄路280号,"113.350629,23.167299",广州气象卫星地面站筹建于1978年，1986年建成。位于广州市东侧，占地面积65000平方米，海拔平均高度40米。极轨卫,/ticket/detail_2959449643.html?st=a3clM0QlRTUlQTQlQTklRTYlQjIlQjMlMjZpZCUzRDQ3MjAlMjZ0eXBlJTNEMCUyNmlkeCUzRDcyJTI2cXQlM0RyZWdpb24lMjZhcGslM0QyJTI2c2MlM0RXV1clMjZ1ciUzRCVFNSVCOSVCRiVFNSVCNyU5RSUyNmxyJTNEJUU1JUI5JUJGJUU1JUI3JTlFJTI2ZnQlM0QlN0IlN0Q%3D#from=mpl_search_suggest
阳光农庄欢乐谷,0,广东·广州·天河区,0,0,0,广州市天河区长洲岛文化旅游度假村,"113.443894,23.08261",家庭、团建好去处,/ticket/detail_2929864750.html?st=a3clM0QlRTUlQTQlQTklRTYlQjIlQjMlMjZpZCUzRDE5ODYwNyUyNnR5cGUlM0QwJTI2aWR4JTNENzMlMjZxdCUzRHJlZ2lvbiUyNmFwayUzRDIlMjZzYyUzRFdXVyUyNnVyJTNEJUU1JUI5JUJGJUU1JUI3JTlFJTI2bHIlM0QlRTUlQjklQkYlRTUlQjclOUUlMjZmdCUzRCU3QiU3RA%3D%3D#from=mpl_search_suggest
奇幻迷宫主题馆,0,广东·广州·天河区,0,0,0,广州市天河区珠江新城珠江西路花城汇南区B19,"113.331109,23.124319",不同主题让你感受刺激与惊险的迷宫世界,/ticket/detail_2313148897.html?st=a3clM0QlRTUlQTQlQTklRTYlQjIlQjMlMjZpZCUzRDE5ODgxOSUyNnR5cGUlM0QwJTI2aWR4JTNENzQlMjZxdCUzRHJlZ2lvbiUyNmFwayUzRDIlMjZzYyUzRFdXVyUyNnVyJTNEJUU1JUI5JUJGJUU1JUI3JTlFJTI2bHIlM0QlRTUlQjklQkYlRTUlQjclOUUlMjZmdCUzRCU3QiU3RA%3D%3D#from=mpl_search_suggest
豆豆陶艺吧,0,广东·广州·天河区,0,0,0,广东省广州市天河区东圃客运站下一站,"113.274488,23.08458",既是自然与美的熏陶，也是放松自我的方式,/ticket/detail_1945129432.html?st=a3clM0QlRTUlQTQlQTklRTYlQjIlQjMlMjZpZCUzRDIxNDcyNCUyNnR5cGUlM0QwJTI2aWR4JTNENzUlMjZxdCUzRHJlZ2lvbiUyNmFwayUzRDIlMjZzYyUzRFdXVyUyNnVyJTNEJUU1JUI5JUJGJUU1JUI3JTlFJTI2bHIlM0QlRTUlQjklQkYlRTUlQjclOUUlMjZmdCUzRCU3QiU3RA%3D%3D#from=mpl_search_suggest
陈蓝马术俱乐部,0,广东·广州·天河区,0,0,0,广东广州市天河区奥体南路12号高德汇建材馆东门,"113.42083,23.139031",扬鞭策马看山赏水的贵族生活享受,/ticket/detail_2403183400.html?st=a3clM0QlRTUlQTQlQTklRTYlQjIlQjMlMjZpZCUzRDQ1MDU5MyUyNnR5cGUlM0QwJTI2aWR4JTNENzYlMjZxdCUzRHJlZ2lvbiUyNmFwayUzRDIlMjZzYyUzRFdXVyUyNnVyJTNEJUU1JUI5JUJGJUU1JUI3JTlFJTI2bHIlM0QlRTUlQjklQkYlRTUlQjclOUUlMjZmdCUzRCU3QiU3RA%3D%3D#from=mpl_search_suggest
广州二号馆真人密室,0,广东·广州·天河区,0,0,0,广东省广州市天河区花城大道5号珠江新城南天广场龙庭阁3108室,"113.322871,23.125906",电脑游戏所无法提供的乐趣,/ticket/detail_4252382725.html?st=a3clM0QlRTUlQTQlQTklRTYlQjIlQjMlMjZpZCUzRDE5MjQxMCUyNnR5cGUlM0QwJTI2aWR4JTNENzclMjZxdCUzRHJlZ2lvbiUyNmFwayUzRDIlMjZzYyUzRFdXVyUyNnVyJTNEJUU1JUI5JUJGJUU1JUI3JTlFJTI2bHIlM0QlRTUlQjklQkYlRTUlQjclOUUlMjZmdCUzRCU3QiU3RA%3D%3D#from=mpl_search_suggest
熊猫DIY烘焙生活坊,0,广东·广州·天河区,0,0,0,广东省广州市天河区龙洞直街上华园2巷4号,"113.374992,23.206262",。美味制作，幸福好滋味,/ticket/detail_1414531470.html?st=a3clM0QlRTUlQTQlQTklRTYlQjIlQjMlMjZpZCUzRDQ1MDYwOCUyNnR5cGUlM0QwJTI2aWR4JTNENzglMjZxdCUzRHJlZ2lvbiUyNmFwayUzRDIlMjZzYyUzRFdXVyUyNnVyJTNEJUU1JUI5JUJGJUU1JUI3JTlFJTI2bHIlM0QlRTUlQjklQkYlRTUlQjclOUUlMjZmdCUzRCU3QiU3RA%3D%3D#from=mpl_search_suggest
正佳奥亦未来VR乐园,0,广东·广州·天河区,0,0,0,广州市天河区正佳广场6楼,"113.333642,23.137865",VR+IP结合，带来前所未有的VR体验,/ticket/detail_3842112722.html?st=a3clM0QlRTUlQTQlQTklRTYlQjIlQjMlMjZpZCUzRDQ2NjgzOSUyNnR5cGUlM0QwJTI2aWR4JTNENzklMjZxdCUzRHJlZ2lvbiUyNmFwayUzRDIlMjZzYyUzRFdXVyUyNnVyJTNEJUU1JUI5JUJGJUU1JUI3JTlFJTI2bHIlM0QlRTUlQjklQkYlRTUlQjclOUUlMjZmdCUzRCU3QiU3RA%3D%3D#from=mpl_search_suggest
幸福失恋展,0,广东·广州·天河区,0,0,0,广东省广州市天河区时尚天河商业广场亚洲最大农庄内,"113.331648,23.139615",也许，有的人来，就是为了陪你走一段的旅程,/ticket/detail_3406017055.html?st=a3clM0QlRTUlQTQlQTklRTYlQjIlQjMlMjZpZCUzRDIwMTAzNCUyNnR5cGUlM0QwJTI2aWR4JTNEODAlMjZxdCUzRHJlZ2lvbiUyNmFwayUzRDIlMjZzYyUzRFdXVyUyNnVyJTNEJUU1JUI5JUJGJUU1JUI3JTlFJTI2bHIlM0QlRTUlQjklQkYlRTUlQjclOUUlMjZmdCUzRCU3QiU3RA%3D%3D#from=mpl_search_suggest
战狼帝国CS俱乐部,0,广东·广州·天河区,0,0,0,广东省广州市天河区长福路198号,"113.359704,23.15788","枪林弹雨,生死一线",/ticket/detail_3607009693.html?st=a3clM0QlRTUlQTQlQTklRTYlQjIlQjMlMjZpZCUzRDIxNDUyOCUyNnR5cGUlM0QwJTI2aWR4JTNEODElMjZxdCUzRHJlZ2lvbiUyNmFwayUzRDIlMjZzYyUzRFdXVyUyNnVyJTNEJUU1JUI5JUJGJUU1JUI3JTlFJTI2bHIlM0QlRTUlQjklQkYlRTUlQjclOUUlMjZmdCUzRCU3QiU3RA%3D%3D#from=mpl_search_suggest
西关民俗馆,0,广东·广州·天河区,0,0,0.7,广东省广州市天河区,"113.242669,23.125416",西关建筑文化的精髓,/ticket/detail_353657923.html?st=a3clM0QlRTUlQTQlQTklRTYlQjIlQjMlMjZpZCUzRDExMzk2JTI2dHlwZSUzRDAlMjZpZHglM0Q4MiUyNnF0JTNEcmVnaW9uJTI2YXBrJTNEMiUyNnNjJTNEV1dXJTI2dXIlM0QlRTUlQjklQkYlRTUlQjclOUUlMjZsciUzRCVFNSVCOSVCRiVFNSVCNyU5RSUyNmZ0JTNEJTdCJTdE#from=mpl_search_suggest
火炉山兴旺草莓园,0,广东·广州·天河区,0,0,0,广东省广州市天河区华观路中,"113.385384,23.184821",采摘纯天然绿色食品,/ticket/detail_2329538704.html?st=a3clM0QlRTUlQTQlQTklRTYlQjIlQjMlMjZpZCUzRDE4NzE4NiUyNnR5cGUlM0QwJTI2aWR4JTNEODMlMjZxdCUzRHJlZ2lvbiUyNmFwayUzRDIlMjZzYyUzRFdXVyUyNnVyJTNEJUU1JUI5JUJGJUU1JUI3JTlFJTI2bHIlM0QlRTUlQjklQkYlRTUlQjclOUUlMjZmdCUzRCU3QiU3RA%3D%3D#from=mpl_search_suggest
馋嘴猫DIY烘焙坊,0,广东·广州·天河区,0,0,0,广东省广州市天河区中山大道西190号东方都会广场A栋10楼1015室,"113.367731,23.139565",亲手制作美食，享受一份心意，一份快乐,/ticket/detail_2902357515.html?st=a3clM0QlRTUlQTQlQTklRTYlQjIlQjMlMjZpZCUzRDIwMTQyMyUyNnR5cGUlM0QwJTI2aWR4JTNEODQlMjZxdCUzRHJlZ2lvbiUyNmFwayUzRDIlMjZzYyUzRFdXVyUyNnVyJTNEJUU1JUI5JUJGJUU1JUI3JTlFJTI2bHIlM0QlRTUlQjklQkYlRTUlQjclOUUlMjZmdCUzRCU3QiU3RA%3D%3D#from=mpl_search_suggest
暮里电影公馆（石牌总店）,0,广东·广州·天河区,0,0,0,广东省广州市天河区天河南二路29号华兴阁2601,"113.339639,23.13763",特色小资电影院，适合文艺青年,/ticket/detail_884086273.html?st=a3clM0QlRTUlQTQlQTklRTYlQjIlQjMlMjZpZCUzRDQ1MDQyMCUyNnR5cGUlM0QwJTI2aWR4JTNEODUlMjZxdCUzRHJlZ2lvbiUyNmFwayUzRDIlMjZzYyUzRFdXVyUyNnVyJTNEJUU1JUI5JUJGJUU1JUI3JTlFJTI2bHIlM0QlRTUlQjklQkYlRTUlQjclOUUlMjZmdCUzRCU3QiU3RA%3D%3D#from=mpl_search_suggest
广州藤木病院,0,广东·广州·天河区,0,0,0,广东广州天河区天河北路２８号时代广场四楼420铺,"113.323681,23.146261",你，准备好了吗,/ticket/detail_1250997909.html?st=a3clM0QlRTUlQTQlQTklRTYlQjIlQjMlMjZpZCUzRDIwMDY5MyUyNnR5cGUlM0QwJTI2aWR4JTNEODYlMjZxdCUzRHJlZ2lvbiUyNmFwayUzRDIlMjZzYyUzRFdXVyUyNnVyJTNEJUU1JUI5JUJGJUU1JUI3JTlFJTI2bHIlM0QlRTUlQjklQkYlRTUlQjclOUUlMjZmdCUzRCU3QiU3RA%3D%3D#from=mpl_search_suggest
时尚天河3d动漫娱乐馆,0,广东·广州·天河区,0,0,0,广东省广州市天河区体育中心时尚天河地下步行街中央大舞台对面,"113.331598,23.139623",时尚天河3D娱乐馆参观内容：1、80张3D魔画展：32003D娱乐综合馆，发挥你的想象力，与画中的主人公一起进入奇妙的3,/ticket/detail_3211151312.html?st=a3clM0QlRTUlQTQlQTklRTYlQjIlQjMlMjZpZCUzRDE5NjgzMiUyNnR5cGUlM0QwJTI2aWR4JTNEODclMjZxdCUzRHJlZ2lvbiUyNmFwayUzRDIlMjZzYyUzRFdXVyUyNnVyJTNEJUU1JUI5JUJGJUU1JUI3JTlFJTI2bHIlM0QlRTUlQjklQkYlRTUlQjclOUUlMjZmdCUzRCU3QiU3RA%3D%3D#from=mpl_search_suggest
常兴草莓园,0,广东·广州·天河区,0,0,0,广东省广州市天河区华观路凌塘村新村大街,"113.404659,23.175011",体验亲手采摘的乐趣，品尝新鲜可口的草莓,/ticket/detail_2765259123.html?st=a3clM0QlRTUlQTQlQTklRTYlQjIlQjMlMjZpZCUzRDIwMTc0MyUyNnR5cGUlM0QwJTI2aWR4JTNEODglMjZxdCUzRHJlZ2lvbiUyNmFwayUzRDIlMjZzYyUzRFdXVyUyNnVyJTNEJUU1JUI5JUJGJUU1JUI3JTlFJTI2bHIlM0QlRTUlQjklQkYlRTUlQjclOUUlMjZmdCUzRCU3QiU3RA%3D%3D#from=mpl_search_suggest
广州杂技艺术剧院,0,广东·广州·天河区,0,0,0,广东省广州市天河区水荫四横路37号,"113.316689,23.153364",文化广州的金招牌,/ticket/detail_433440927.html?st=a3clM0QlRTUlQTQlQTklRTYlQjIlQjMlMjZpZCUzRDIxMzY2NyUyNnR5cGUlM0QwJTI2aWR4JTNEODklMjZxdCUzRHJlZ2lvbiUyNmFwayUzRDIlMjZzYyUzRFdXVyUyNnVyJTNEJUU1JUI5JUJGJUU1JUI3JTlFJTI2bHIlM0QlRTUlQjklQkYlRTUlQjclOUUlMjZmdCUzRCU3QiU3RA%3D%3D#from=mpl_search_suggest
One by One 真人密室逃脱,0,广东·广州·天河区,0,0,0,广东省广州市天河区体育西路75号IBOX ,"113.327393,23.137064",神秘刺激的旅程开始了,/ticket/detail_791742902.html?st=a3clM0QlRTUlQTQlQTklRTYlQjIlQjMlMjZpZCUzRDE5NDI2OSUyNnR5cGUlM0QwJTI2aWR4JTNEOTAlMjZxdCUzRHJlZ2lvbiUyNmFwayUzRDIlMjZzYyUzRFdXVyUyNnVyJTNEJUU1JUI5JUJGJUU1JUI3JTlFJTI2bHIlM0QlRTUlQjklQkYlRTUlQjclOUUlMjZmdCUzRCU3QiU3RA%3D%3D#from=mpl_search_suggest
华尔芝DIY烘焙坊,0,广东·广州·天河区,0,0,0,广州市天河区体育西路5号骏汇大厦南座16F,"113.327368,23.13512",静雅舒适，放松休闲，亲自动手，妙趣无穷,/ticket/detail_1918954303.html?st=a3clM0QlRTUlQTQlQTklRTYlQjIlQjMlMjZpZCUzRDIxNjMxNSUyNnR5cGUlM0QwJTI2aWR4JTNEOTElMjZxdCUzRHJlZ2lvbiUyNmFwayUzRDIlMjZzYyUzRFdXVyUyNnVyJTNEJUU1JUI5JUJGJUU1JUI3JTlFJTI2bHIlM0QlRTUlQjklQkYlRTUlQjclOUUlMjZmdCUzRCU3QiU3RA%3D%3D#from=mpl_search_suggest
飞Live House,0,广东·广州·天河区,0,0,0,广东省广州市天河区员村四横路128号红专厂创意园区B4-01,"113.377285,23.116492",这里是广州独立音乐现场和发声地,/ticket/detail_699711635.html?st=a3clM0QlRTUlQTQlQTklRTYlQjIlQjMlMjZpZCUzRDIxMzYwOSUyNnR5cGUlM0QwJTI2aWR4JTNEOTIlMjZxdCUzRHJlZ2lvbiUyNmFwayUzRDIlMjZzYyUzRFdXVyUyNnVyJTNEJUU1JUI5JUJGJUU1JUI3JTlFJTI2bHIlM0QlRTUlQjklQkYlRTUlQjclOUUlMjZmdCUzRCU3QiU3RA%3D%3D#from=mpl_search_suggest
广州兴旺草莓园（渔东路园）,0,广东·广州·天河区,0,0,0,广东省广州市天河区渔东路,"113.393771,23.22418",来体验草莓采摘乐趣吧,/ticket/detail_3398829821.html?st=a3clM0QlRTUlQTQlQTklRTYlQjIlQjMlMjZpZCUzRDQ1NzE0MSUyNnR5cGUlM0QwJTI2aWR4JTNEOTMlMjZxdCUzRHJlZ2lvbiUyNmFwayUzRDIlMjZzYyUzRFdXVyUyNnVyJTNEJUU1JUI5JUJGJUU1JUI3JTlFJTI2bHIlM0QlRTUlQjklQkYlRTUlQjclOUUlMjZmdCUzRCU3QiU3RA%3D%3D#from=mpl_search_suggest
At爱淘站欢乐儿童乐园,0,广东·广州·天河区,0,0,0,广东省广州市天河区体育西路54号,"113.328543,23.137771",各种儿童益智游乐项目的游乐园,/ticket/detail_585081818.html?st=a3clM0QlRTUlQTQlQTklRTYlQjIlQjMlMjZpZCUzRDE5OTM4OSUyNnR5cGUlM0QwJTI2aWR4JTNEOTQlMjZxdCUzRHJlZ2lvbiUyNmFwayUzRDIlMjZzYyUzRFdXVyUyNnVyJTNEJUU1JUI5JUJGJUU1JUI3JTlFJTI2bHIlM0QlRTUlQjklQkYlRTUlQjclOUUlMjZmdCUzRCU3QiU3RA%3D%3D#from=mpl_search_suggest
广州星光漫步《喵星降临》,0,广东·广州·天河区,0,0,0,广州市天河区天河路时尚天河商业中心中一街艺展中心,"113.331829,23.139698",商业中心中一街艺展中心啦,/ticket/detail_3055951656.html?st=a3clM0QlRTUlQTQlQTklRTYlQjIlQjMlMjZpZCUzRDQ3NDQ0NCUyNnR5cGUlM0QwJTI2aWR4JTNEOTUlMjZxdCUzRHJlZ2lvbiUyNmFwayUzRDIlMjZzYyUzRFdXVyUyNnVyJTNEJUU1JUI5JUJGJUU1JUI3JTlFJTI2bHIlM0QlRTUlQjklQkYlRTUlQjclOUUlMjZmdCUzRCU3QiU3RA%3D%3D#from=mpl_search_suggest
四叶草DIY蛋糕坊（华天店）,0,广东·广州·天河区,0,0,0,广州市天河区龙口中路173号华天国际大厦西苑9b3室,"113.348328,23.145863",静雅舒适，放松休闲，亲自动手，妙趣无穷,/ticket/detail_2994316891.html?st=a3clM0QlRTUlQTQlQTklRTYlQjIlQjMlMjZpZCUzRDIxNjI3MCUyNnR5cGUlM0QwJTI2aWR4JTNEOTYlMjZxdCUzRHJlZ2lvbiUyNmFwayUzRDIlMjZzYyUzRFdXVyUyNnVyJTNEJUU1JUI5JUJGJUU1JUI3JTlFJTI2bHIlM0QlRTUlQjklQkYlRTUlQjclOUUlMjZmdCUzRCU3QiU3RA%3D%3D#from=mpl_search_suggest
广州密园-密室逃脱,0,广东·广州·天河区,0,0,0,广东省广州市天河区棠利大厦东区303,"113.386187,23.132262",密室逃脱,/ticket/detail_101773409.html?st=a3clM0QlRTUlQTQlQTklRTYlQjIlQjMlMjZpZCUzRDQ1NjMyMyUyNnR5cGUlM0QwJTI2aWR4JTNEOTclMjZxdCUzRHJlZ2lvbiUyNmFwayUzRDIlMjZzYyUzRFdXVyUyNnVyJTNEJUU1JUI5JUJGJUU1JUI3JTlFJTI2bHIlM0QlRTUlQjklQkYlRTUlQjclOUUlMjZmdCUzRCU3QiU3RA%3D%3D#from=mpl_search_suggest
广东演艺中心大剧院,0,广东·广州·天河区,0,0,0,广东省广州市天河区广东演艺中心大剧院,"113.319629,23.150912",广州高规格的演出场馆,/ticket/detail_3986832354.html?st=a3clM0QlRTUlQTQlQTklRTYlQjIlQjMlMjZpZCUzRDQ1OTA4NyUyNnR5cGUlM0QwJTI2aWR4JTNEOTglMjZxdCUzRHJlZ2lvbiUyNmFwayUzRDIlMjZzYyUzRFdXVyUyNnVyJTNEJUU1JUI5JUJGJUU1JUI3JTlFJTI2bHIlM0QlRTUlQjklQkYlRTUlQjclOUUlMjZmdCUzRCU3QiU3RA%3D%3D#from=mpl_search_suggest
优昊家族（时尚天河店）,0,广东·广州·天河区,0,0,0,广东省广州市天河区天河路299号时尚天河负一层东二街006铺,"113.331598,23.139623",旅游生态体验馆,/ticket/detail_1715698988.html?st=a3clM0QlRTUlQTQlQTklRTYlQjIlQjMlMjZpZCUzRDE5NzE0OCUyNnR5cGUlM0QwJTI2aWR4JTNEOTklMjZxdCUzRHJlZ2lvbiUyNmFwayUzRDIlMjZzYyUzRFdXVyUyNnVyJTNEJUU1JUI5JUJGJUU1JUI3JTlFJTI2bHIlM0QlRTUlQjklQkYlRTUlQjclOUUlMjZmdCUzRCU3QiU3RA%3D%3D#from=mpl_search_suggest
猎豹真人cs,0,广东·广州·天河区,0,0,0,天河区迎龙路龙眼洞森林公园,"113.368483,23.209616",狼图俱乐部是一家集镭战设备生产销售、野战运动运营以及户外拓展项目策划为一体的民营合资企业，目前拥有生态园和萝岗两个镭战基,/ticket/detail_4291400524.html?st=a3clM0QlRTUlQTQlQTklRTYlQjIlQjMlMjZpZCUzRDIxNDc4NCUyNnR5cGUlM0QwJTI2aWR4JTNEMTAwJTI2cXQlM0RyZWdpb24lMjZhcGslM0QyJTI2c2MlM0RXV1clMjZ1ciUzRCVFNSVCOSVCRiVFNSVCNyU5RSUyNmxyJTNEJUU1JUI5JUJGJUU1JUI3JTlFJTI2ZnQlM0QlN0IlN0Q%3D#from=mpl_search_suggest
广州杰冠野战俱乐部,0,广东·广州·天河区,0,0,0,广东省广州市天河区龙洞迎龙路1203号,"113.367736,23.221515",杰冠广州龙逸山庄度假村拓展训练基地位于广州市龙眼洞森林公园中部广州龙逸山庄度假村内，占地面积10万多平方米，距市中心仅1,/ticket/detail_4218500427.html?st=a3clM0QlRTUlQTQlQTklRTYlQjIlQjMlMjZpZCUzRDE5OTE5MCUyNnR5cGUlM0QwJTI2aWR4JTNEMTAxJTI2cXQlM0RyZWdpb24lMjZhcGslM0QyJTI2c2MlM0RXV1clMjZ1ciUzRCVFNSVCOSVCRiVFNSVCNyU5RSUyNmxyJTNEJUU1JUI5JUJGJUU1JUI3JTlFJTI2ZnQlM0QlN0IlN0Q%3D#from=mpl_search_suggest
广州第二少年宫,0,广东·广州·天河区,0,0,0,广东广州市天河区华就路273号,"113.329748,23.122317",提供了又一个现代化、高水平的基地和场所,/ticket/detail_793195998.html?st=a3clM0QlRTUlQTQlQTklRTYlQjIlQjMlMjZpZCUzRDIxMzM5NyUyNnR5cGUlM0QwJTI2aWR4JTNEMTAyJTI2cXQlM0RyZWdpb24lMjZhcGslM0QyJTI2c2MlM0RXV1clMjZ1ciUzRCVFNSVCOSVCRiVFNSVCNyU5RSUyNmxyJTNEJUU1JUI5JUJGJUU1JUI3JTlFJTI2ZnQlM0QlN0IlN0Q%3D#from=mpl_search_suggest
《你是演奏家》--正佳广场演艺剧院,0,广东·广州·天河区,0,0,0,广东省广州市天河区正佳广场7楼,"113.33388,23.138079",让你沉浸在互动音乐的迷人世界,/ticket/detail_24304623.html?st=a3clM0QlRTUlQTQlQTklRTYlQjIlQjMlMjZpZCUzRDQ2NTc5NSUyNnR5cGUlM0QwJTI2aWR4JTNEMTAzJTI2cXQlM0RyZWdpb24lMjZhcGslM0QyJTI2c2MlM0RXV1clMjZ1ciUzRCVFNSVCOSVCRiVFNSVCNyU5RSUyNmxyJTNEJUU1JUI5JUJGJUU1JUI3JTlFJTI2ZnQlM0QlN0IlN0Q%3D#from=mpl_search_suggest
春江花园游泳池,0,广东·广州·天河区,0,0,0,广东省广州市天河区棠东东路112-128号春江花园内,"113.396192,23.133492",遮阴避暑的好地方,/ticket/detail_1967862399.html?st=a3clM0QlRTUlQTQlQTklRTYlQjIlQjMlMjZpZCUzRDQ1OTYxNCUyNnR5cGUlM0QwJTI2aWR4JTNEMTA0JTI2cXQlM0RyZWdpb24lMjZhcGslM0QyJTI2c2MlM0RXV1clMjZ1ciUzRCVFNSVCOSVCRiVFNSVCNyU5RSUyNmxyJTNEJUU1JUI5JUJGJUU1JUI3JTlFJTI2ZnQlM0QlN0IlN0Q%3D#from=mpl_search_suggest
动感5D梦幻馆,0,广东·广州·天河区,0,0,0,广东省广州市天河区东圃大马路4号自编B栋B313房肯德基隔壁,"113.408574,23.125657", ,/ticket/detail_4154458431.html?st=a3clM0QlRTUlQTQlQTklRTYlQjIlQjMlMjZpZCUzRDQ1NzE2NCUyNnR5cGUlM0QwJTI2aWR4JTNEMTA1JTI2cXQlM0RyZWdpb24lMjZhcGslM0QyJTI2c2MlM0RXV1clMjZ1ciUzRCVFNSVCOSVCRiVFNSVCNyU5RSUyNmxyJTNEJUU1JUI5JUJGJUU1JUI3JTlFJTI2ZnQlM0QlN0IlN0Q%3D#from=mpl_search_suggest
安然纳米汗蒸馆（五山尚德店）,0,广东·广州·天河区,0,0,0,广东省广州市天河区五山路尚德大厦B栋8楼823室,"113.350801,23.145422",源于自然、绿色环保、对人体没有任何副作用,/ticket/detail_660732357.html?st=a3clM0QlRTUlQTQlQTklRTYlQjIlQjMlMjZpZCUzRDQ1MDQ4MiUyNnR5cGUlM0QwJTI2aWR4JTNEMTA2JTI2cXQlM0RyZWdpb24lMjZhcGslM0QyJTI2c2MlM0RXV1clMjZ1ciUzRCVFNSVCOSVCRiVFNSVCNyU5RSUyNmxyJTNEJUU1JUI5JUJGJUU1JUI3JTlFJTI2ZnQlM0QlN0IlN0Q%3D#from=mpl_search_suggest
广州体育学院体育馆,0,广东·广州·天河区,0,0,0,广东广州市天河区广州大道北广州体育学院内,"113.32971,23.150573",总建筑面积14500平方米,/ticket/detail_3135959560.html?st=a3clM0QlRTUlQTQlQTklRTYlQjIlQjMlMjZpZCUzRDIxMzA5MCUyNnR5cGUlM0QwJTI2aWR4JTNEMTA3JTI2cXQlM0RyZWdpb24lMjZhcGslM0QyJTI2c2MlM0RXV1clMjZ1ciUzRCVFNSVCOSVCRiVFNSVCNyU5RSUyNmxyJTNEJUU1JUI5JUJGJUU1JUI3JTlFJTI2ZnQlM0QlN0IlN0Q%3D#from=mpl_search_suggest
FUN乐园,0,广东·广州·天河区,0,0,0,广东省广州市天河区奥体南路小Q儿童城三楼FUN乐园,"113.415302,23.133093",享受美好生活的亲子手工梦工厂,/ticket/detail_2734881608.html?st=a3clM0QlRTUlQTQlQTklRTYlQjIlQjMlMjZpZCUzRDE5ODkyMSUyNnR5cGUlM0QwJTI2aWR4JTNEMTA4JTI2cXQlM0RyZWdpb24lMjZhcGslM0QyJTI2c2MlM0RXV1clMjZ1ciUzRCVFNSVCOSVCRiVFNSVCNyU5RSUyNmxyJTNEJUU1JUI5JUJGJUU1JUI3JTlFJTI2ZnQlM0QlN0IlN0Q%3D#from=mpl_search_suggest
彩色跑广州站,0,广东·广州·天河区,0,0,0,广州大学城内高校和大学城各校区的体育场馆,"113.398324,23.060275",一个充满青春、活力、快乐、律动的精彩旅程,/ticket/detail_3552408706.html?st=a3clM0QlRTUlQTQlQTklRTYlQjIlQjMlMjZpZCUzRDIxNDYwNiUyNnR5cGUlM0QwJTI2aWR4JTNEMTA5JTI2cXQlM0RyZWdpb24lMjZhcGslM0QyJTI2c2MlM0RXV1clMjZ1ciUzRCVFNSVCOSVCRiVFNSVCNyU5RSUyNmxyJTNEJUU1JUI5JUJGJUU1JUI3JTlFJTI2ZnQlM0QlN0IlN0Q%3D#from=mpl_search_suggest
广州天河体育馆,0,广东·广州·天河体育中心,0,0,0,广东广州市天河区体育西路,"113.33016,23.143728",是天河体育中心三大场馆之一,/ticket/detail_3176712600.html?st=a3clM0QlRTUlQTQlQTklRTYlQjIlQjMlMjZpZCUzRDIxMzQwMCUyNnR5cGUlM0QwJTI2aWR4JTNEMTEwJTI2cXQlM0RyZWdpb24lMjZhcGslM0QyJTI2c2MlM0RXV1clMjZ1ciUzRCVFNSVCOSVCRiVFNSVCNyU5RSUyNmxyJTNEJUU1JUI5JUJGJUU1JUI3JTlFJTI2ZnQlM0QlN0IlN0Q%3D#from=mpl_search_suggest
米兜DIY,0,广东·广州·天河区,0,0,0,广东省广州市天河区龙洞又一城3楼C15,"113.373281,23.199353",亲自动手，妙趣无穷,/ticket/detail_531766549.html?st=a3clM0QlRTUlQTQlQTklRTYlQjIlQjMlMjZpZCUzRDIxNjE0NSUyNnR5cGUlM0QwJTI2aWR4JTNEMTExJTI2cXQlM0RyZWdpb24lMjZhcGslM0QyJTI2c2MlM0RXV1clMjZ1ciUzRCVFNSVCOSVCRiVFNSVCNyU5RSUyNmxyJTNEJUU1JUI5JUJGJUU1JUI3JTlFJTI2ZnQlM0QlN0IlN0Q%3D#from=mpl_search_suggest
虎魄VR,0,广东·广州·天河区,0,0,0,广东省广州市天河区龙洞商业步行街B40,"113.374417,23.199718",身临其境，刺激体验,/ticket/detail_1089497731.html?st=a3clM0QlRTUlQTQlQTklRTYlQjIlQjMlMjZpZCUzRDQ1NzIxMCUyNnR5cGUlM0QwJTI2aWR4JTNEMTEyJTI2cXQlM0RyZWdpb24lMjZhcGslM0QyJTI2c2MlM0RXV1clMjZ1ciUzRCVFNSVCOSVCRiVFNSVCNyU5RSUyNmxyJTNEJUU1JUI5JUJGJUU1JUI3JTlFJTI2ZnQlM0QlN0IlN0Q%3D#from=mpl_search_suggest
都市农耕科普基地,0,广东·广州·天河区,0,0,0,广东省广州市天河区五山路华南农业大学大草坪,"113.359105,23.161023",我们都是农民的孩子,/ticket/detail_3904128129.html?st=a3clM0QlRTUlQTQlQTklRTYlQjIlQjMlMjZpZCUzRDE5ODY0OSUyNnR5cGUlM0QwJTI2aWR4JTNEMTEzJTI2cXQlM0RyZWdpb24lMjZhcGslM0QyJTI2c2MlM0RXV1clMjZ1ciUzRCVFNSVCOSVCRiVFNSVCNyU5RSUyNmxyJTNEJUU1JUI5JUJGJUU1JUI3JTlFJTI2ZnQlM0QlN0IlN0Q%3D#from=mpl_search_suggest
根据地CS野战俱乐部,0,广东·广州·天河区,0,0,0,广东省广州市天河区天源路117号华南植物园内,"113.374316,23.186123",逼真的战争场景，激烈的战争对抗,/ticket/detail_53614932.html?st=a3clM0QlRTUlQTQlQTklRTYlQjIlQjMlMjZpZCUzRDIxNjIyNSUyNnR5cGUlM0QwJTI2aWR4JTNEMTE0JTI2cXQlM0RyZWdpb24lMjZhcGslM0QyJTI2c2MlM0RXV1clMjZ1ciUzRCVFNSVCOSVCRiVFNSVCNyU5RSUyNmxyJTNEJUU1JUI5JUJGJUU1JUI3JTlFJTI2ZnQlM0QlN0IlN0Q%3D#from=mpl_search_suggest
广州建国酒店,0,广东·广州·天河区,0,0,0,广州天河区林和中路172号,"113.332568,23.153489",河区商业中心的五星级精品豪华商务酒店,/ticket/detail_1509997388.html?st=a3clM0QlRTUlQTQlQTklRTYlQjIlQjMlMjZpZCUzRDQ1NDQ1MSUyNnR5cGUlM0QwJTI2aWR4JTNEMTE1JTI2cXQlM0RyZWdpb24lMjZhcGslM0QyJTI2c2MlM0RXV1clMjZ1ciUzRCVFNSVCOSVCRiVFNSVCNyU5RSUyNmxyJTNEJUU1JUI5JUJGJUU1JUI3JTlFJTI2ZnQlM0QlN0IlN0Q%3D#from=mpl_search_suggest
广州威珀斯酒店-珀萃西餐厅,0,广东·广州·天河区,0,0,0,广州市天河区金穗路5号威珀斯酒店二楼,"113.324608,23.130491", ,/ticket/detail_297594943.html?st=a3clM0QlRTUlQTQlQTklRTYlQjIlQjMlMjZpZCUzRDQ3MzM4MSUyNnR5cGUlM0QwJTI2aWR4JTNEMTE2JTI2cXQlM0RyZWdpb24lMjZhcGslM0QyJTI2c2MlM0RXV1clMjZ1ciUzRCVFNSVCOSVCRiVFNSVCNyU5RSUyNmxyJTNEJUU1JUI5JUJGJUU1JUI3JTlFJTI2ZnQlM0QlN0IlN0Q%3D#from=mpl_search_suggest
广东省歌舞团排练场,0,广东·广州·天河区,0,0,0,广东广州天河区沙河顶新一街14号,"113.315042,23.153547",位于天河区沙河顶新一街,/ticket/detail_2260965159.html?st=a3clM0QlRTUlQTQlQTklRTYlQjIlQjMlMjZpZCUzRDIxMzQyMCUyNnR5cGUlM0QwJTI2aWR4JTNEMTE3JTI2cXQlM0RyZWdpb24lMjZhcGslM0QyJTI2c2MlM0RXV1clMjZ1ciUzRCVFNSVCOSVCRiVFNSVCNyU5RSUyNmxyJTNEJUU1JUI5JUJGJUU1JUI3JTlFJTI2ZnQlM0QlN0IlN0Q%3D#from=mpl_search_suggest
暨南大学邵逸夫体育馆,0,广东·广州·天河区,0,0,0,广东广州市天河区黄埔大道西601号,"113.35278,23.138294",曾为广东省羽毛球队训练场地,/ticket/detail_3112151797.html?st=a3clM0QlRTUlQTQlQTklRTYlQjIlQjMlMjZpZCUzRDIxMzQwNyUyNnR5cGUlM0QwJTI2aWR4JTNEMTE4JTI2cXQlM0RyZWdpb24lMjZhcGslM0QyJTI2c2MlM0RXV1clMjZ1ciUzRCVFNSVCOSVCRiVFNSVCNyU5RSUyNmxyJTNEJUU1JUI5JUJGJUU1JUI3JTlFJTI2ZnQlM0QlN0IlN0Q%3D#from=mpl_search_suggest
亚瑞斯健身工作室(星辰店),0,广东·广州·天河区,0,0,0,广东省广州市天河区华穗路174号星辰大厦东塔901室,"113.325385,23.123929",为热爱健身的人们带来更多健康和愉悦,/ticket/detail_1695095128.html?st=a3clM0QlRTUlQTQlQTklRTYlQjIlQjMlMjZpZCUzRDQ1MDU0NiUyNnR5cGUlM0QwJTI2aWR4JTNEMTE5JTI2cXQlM0RyZWdpb24lMjZhcGslM0QyJTI2c2MlM0RXV1clMjZ1ciUzRCVFNSVCOSVCRiVFNSVCNyU5RSUyNmxyJTNEJUU1JUI5JUJGJUU1JUI3JTlFJTI2ZnQlM0QlN0IlN0Q%3D#from=mpl_search_suggest
粤海丽江游泳池,0,广东·广州·天河区,0,0,0,广东省广州市天河区珠江新城金穗路77-79号粤海丽花园,"113.342049,23.128627",您在炎热夏季的不错选择,/ticket/detail_2322553921.html?st=a3clM0QlRTUlQTQlQTklRTYlQjIlQjMlMjZpZCUzRDQ1OTU4NCUyNnR5cGUlM0QwJTI2aWR4JTNEMTIwJTI2cXQlM0RyZWdpb24lMjZhcGslM0QyJTI2c2MlM0RXV1clMjZ1ciUzRCVFNSVCOSVCRiVFNSVCNyU5RSUyNmxyJTNEJUU1JUI5JUJGJUU1JUI3JTlFJTI2ZnQlM0QlN0IlN0Q%3D#from=mpl_search_suggest
粤海丽江游泳池,0,广东·广州·天河区,0,0,0,广东省广州市天河区珠江新城金穗路77-79号粤海丽花园,"113.342049,23.128627",您在炎热夏季的不错选择,/ticket/detail_2322553921.html?st=a3clM0QlRTUlQTQlQTklRTYlQjIlQjMlMjZpZCUzRDQ1OTU4NCUyNnR5cGUlM0QwJTI2aWR4JTNEMTIxJTI2cXQlM0RyZWdpb24lMjZhcGslM0QyJTI2c2MlM0RXV1clMjZ1ciUzRCVFNSVCOSVCRiVFNSVCNyU5RSUyNmxyJTNEJUU1JUI5JUJGJUU1JUI3JTlFJTI2ZnQlM0QlN0IlN0Q%3D#from=mpl_search_suggest
珠江俊园游泳池,0,广东·广州·天河区,0,0,0,广东省广州市天河区中山大道西枫叶路珠江俊园内,"113.373383,23.142341",泳池配备专业的游泳教练,/ticket/detail_1317866873.html?st=a3clM0QlRTUlQTQlQTklRTYlQjIlQjMlMjZpZCUzRDQ1OTU4MCUyNnR5cGUlM0QwJTI2aWR4JTNEMTIyJTI2cXQlM0RyZWdpb24lMjZhcGslM0QyJTI2c2MlM0RXV1clMjZ1ciUzRCVFNSVCOSVCRiVFNSVCNyU5RSUyNmxyJTNEJUU1JUI5JUJGJUU1JUI3JTlFJTI2ZnQlM0QlN0IlN0Q%3D#from=mpl_search_suggest
奥体水上嘉年华,0,广东·广州·广东奥林匹克体育中心,0,0,0,广州市天河区东圃奥体路818号奥林匹克中心广场,"113.416634,23.145874",奥体水上嘉年华活动，以水上娱乐为主题，是一场集游泳健身、水上趣味竞赛、音乐派对、主题亲水活动、摊位游戏、美食为一体的大型,/ticket/detail_153093785.html?st=a3clM0QlRTUlQTQlQTklRTYlQjIlQjMlMjZpZCUzRDQ3NjYzMCUyNnR5cGUlM0QwJTI2aWR4JTNEMTIzJTI2cXQlM0RyZWdpb24lMjZhcGslM0QyJTI2c2MlM0RXV1clMjZ1ciUzRCVFNSVCOSVCRiVFNSVCNyU5RSUyNmxyJTNEJUU1JUI5JUJGJUU1JUI3JTlFJTI2ZnQlM0QlN0IlN0Q%3D#from=mpl_search_suggest
中驰健身会所,0,广东·广州·天河区,0,0,0,广东省广州市天河区华景新城福门阁202A,"113.366298,23.145746",在运动中体会时尚，在休闲中得到放松,/ticket/detail_1309889441.html?st=a3clM0QlRTUlQTQlQTklRTYlQjIlQjMlMjZpZCUzRDQ1NzY0NCUyNnR5cGUlM0QwJTI2aWR4JTNEMTI0JTI2cXQlM0RyZWdpb24lMjZhcGslM0QyJTI2c2MlM0RXV1clMjZ1ciUzRCVFNSVCOSVCRiVFNSVCNyU5RSUyNmxyJTNEJUU1JUI5JUJGJUU1JUI3JTlFJTI2ZnQlM0QlN0IlN0Q%3D#from=mpl_search_suggest
互动娱乐体验馆,0,广东·广州·天河区,0,0,0,广东省广州市天河区时尚天河商业广场东区东二街032A,"113.333057,23.139796", ,/ticket/detail_3990774161.html?st=a3clM0QlRTUlQTQlQTklRTYlQjIlQjMlMjZpZCUzRDQ1NzE2MiUyNnR5cGUlM0QwJTI2aWR4JTNEMTI1JTI2cXQlM0RyZWdpb24lMjZhcGslM0QyJTI2c2MlM0RXV1clMjZ1ciUzRCVFNSVCOSVCRiVFNSVCNyU5RSUyNmxyJTNEJUU1JUI5JUJGJUU1JUI3JTlFJTI2ZnQlM0QlN0IlN0Q%3D#from=mpl_search_suggest
广州话剧团十三号剧院,0,广东·广州·天河区,0,0,0,广东广州天河区沙河顶新二街13号,"113.315977,23.154544",是为话剧量身订做的正规演出场所,/ticket/detail_3101768641.html?st=a3clM0QlRTUlQTQlQTklRTYlQjIlQjMlMjZpZCUzRDIxMzMxMCUyNnR5cGUlM0QwJTI2aWR4JTNEMTI2JTI2cXQlM0RyZWdpb24lMjZhcGslM0QyJTI2c2MlM0RXV1clMjZ1ciUzRCVFNSVCOSVCRiVFNSVCNyU5RSUyNmxyJTNEJUU1JUI5JUJGJUU1JUI3JTlFJTI2ZnQlM0QlN0IlN0Q%3D#from=mpl_search_suggest
广州派逗蛙（海心沙）水上嘉年华,0,广东·广州·天河区,0,0,0,广东省广州市天河区临江大道海心沙亚运公园派逗蛙水上嘉年华,"113.331464,23.117277",水上嘉年华 清凉狂欢一夏,/ticket/detail_1616646559.html?st=a3clM0QlRTUlQTQlQTklRTYlQjIlQjMlMjZpZCUzRDQ2NTM0NCUyNnR5cGUlM0QwJTI2aWR4JTNEMTI3JTI2cXQlM0RyZWdpb24lMjZhcGslM0QyJTI2c2MlM0RXV1clMjZ1ciUzRCVFNSVCOSVCRiVFNSVCNyU5RSUyNmxyJTNEJUU1JUI5JUJGJUU1JUI3JTlFJTI2ZnQlM0QlN0IlN0Q%3D#from=mpl_search_suggest
梵高时代印象派幻影艺术展,0,广东·广州·天河区,0,0,0,广州市天河区珠江西路1号大剧院-实验剧场,"113.32813,23.12078",身临其境畅游梵高时代、触手可及经典印象派,/ticket/detail_3336614367.html?st=a3clM0QlRTUlQTQlQTklRTYlQjIlQjMlMjZpZCUzRDQ1NjczNCUyNnR5cGUlM0QwJTI2aWR4JTNEMTI4JTI2cXQlM0RyZWdpb24lMjZhcGslM0QyJTI2c2MlM0RXV1clMjZ1ciUzRCVFNSVCOSVCRiVFNSVCNyU5RSUyNmxyJTNEJUU1JUI5JUJGJUU1JUI3JTlFJTI2ZnQlM0QlN0IlN0Q%3D#from=mpl_search_suggest
《船说》,0,广东·广州·天河区,0,0,0,广东省广州市天河区海心沙码头,"113.333463,23.116294",粤剧表演与珠江夜游的完美结合,/ticket/detail_1972578272.html?st=a3clM0QlRTUlQTQlQTklRTYlQjIlQjMlMjZpZCUzRDQ1ODk1OSUyNnR5cGUlM0QwJTI2aWR4JTNEMTI5JTI2cXQlM0RyZWdpb24lMjZhcGslM0QyJTI2c2MlM0RXV1clMjZ1ciUzRCVFNSVCOSVCRiVFNSVCNyU5RSUyNmxyJTNEJUU1JUI5JUJGJUU1JUI3JTlFJTI2ZnQlM0QlN0IlN0Q%3D#from=mpl_search_suggest
大观湿地公园,0,广东·广州·天河区,0,0,0,广州市天河区大观北路,"113.429716,23.185269",大观湿地公园位于天河区思礼路，邻近天河软件园，有多条公交车抵达，交通挺便利的。该公园是广州"海绵城市"试点，采用"海绵城,/ticket/detail_706799244.html?st=a3clM0QlRTUlQTQlQTklRTYlQjIlQjMlMjZpZCUzRDUwOTQ0NCUyNnR5cGUlM0QwJTI2aWR4JTNEMTMwJTI2cXQlM0RyZWdpb24lMjZhcGslM0QyJTI2c2MlM0RXV1clMjZ1ciUzRCVFNSVCOSVCRiVFNSVCNyU5RSUyNmxyJTNEJUU1JUI5JUJGJUU1JUI3JTlFJTI2ZnQlM0QlN0IlN0Q%3D#from=mpl_search_suggest
广州东圃合景福朋喜来登酒店,0,广东·广州·天河区,0,0,0,广州天河区东圃汇彩路菁映路1号,"113.424261,23.118705", ,/ticket/detail_334537316.html?st=a3clM0QlRTUlQTQlQTklRTYlQjIlQjMlMjZpZCUzRDQ3MzQwMiUyNnR5cGUlM0QwJTI2aWR4JTNEMTMxJTI2cXQlM0RyZWdpb24lMjZhcGslM0QyJTI2c2MlM0RXV1clMjZ1ciUzRCVFNSVCOSVCRiVFNSVCNyU5RSUyNmxyJTNEJUU1JUI5JUJGJUU1JUI3JTlFJTI2ZnQlM0QlN0IlN0Q%3D#from=mpl_search_suggest
【广州】2020女性艺术节大型原创舞剧《沙湾往事》,0,广东·广州·天河区,0,0,0,广州大剧院 歌剧厅广东省广州市天河区珠江西路1号,"113.329131,23.120842","2020女性艺术节大型原创舞剧《沙湾往事》

--感受薪火相传的岭南精神，演绎时代变换中的命运赞歌

Dance Dra",/ticket/detail_2585594522.html?st=a3clM0QlRTUlQTQlQTklRTYlQjIlQjMlMjZpZCUzRDUwNjYyNyUyNnR5cGUlM0QwJTI2aWR4JTNEMTMyJTI2cXQlM0RyZWdpb24lMjZhcGslM0QyJTI2c2MlM0RXV1clMjZ1ciUzRCVFNSVCOSVCRiVFNSVCNyU5RSUyNmxyJTNEJUU1JUI5JUJGJUU1JUI3JTlFJTI2ZnQlM0QlN0IlN0Q%3D#from=mpl_search_suggest
咕噜咕噜贝乐园,0,广东·广州·天河区,0,0,0,广东省广州市天河区黄埔大道西269-271号爱贝家园2楼,"113.335966,23.133193",新型综合性极强的儿童娱乐活动中心,/ticket/detail_2255000213.html?st=a3clM0QlRTUlQTQlQTklRTYlQjIlQjMlMjZpZCUzRDE4NzU2NiUyNnR5cGUlM0QwJTI2aWR4JTNEMTMzJTI2cXQlM0RyZWdpb24lMjZhcGslM0QyJTI2c2MlM0RXV1clMjZ1ciUzRCVFNSVCOSVCRiVFNSVCNyU5RSUyNmxyJTNEJUU1JUI5JUJGJUU1JUI3JTlFJTI2ZnQlM0QlN0IlN0Q%3D#from=mpl_search_suggest
广州海航威斯汀酒店-Prego意大利餐厅,0,广东·广州·天河区,0,0,0,广州市天河区林和中路6号海航威斯汀酒店40楼,"113.332944,23.149235", ,/ticket/detail_599908118.html?st=a3clM0QlRTUlQTQlQTklRTYlQjIlQjMlMjZpZCUzRDQ3MzQwNSUyNnR5cGUlM0QwJTI2aWR4JTNEMTM0JTI2cXQlM0RyZWdpb24lMjZhcGslM0QyJTI2c2MlM0RXV1clMjZ1ciUzRCVFNSVCOSVCRiVFNSVCNyU5RSUyNmxyJTNEJUU1JUI5JUJGJUU1JUI3JTlFJTI2ZnQlM0QlN0IlN0Q%3D#from=mpl_search_suggest
大型实景舞台剧《奥特曼：宇宙之光》,0,广东·广州·天河区,0,0,0,广州大剧院 歌剧厅广东省广州市天河区珠江西路1号,"113.329131,23.120842",奥特曼是小朋友的快乐，更是大朋友的情怀,/ticket/detail_3960958567.html?st=a3clM0QlRTUlQTQlQTklRTYlQjIlQjMlMjZpZCUzRDUwNjcyOCUyNnR5cGUlM0QwJTI2aWR4JTNEMTM1JTI2cXQlM0RyZWdpb24lMjZhcGslM0QyJTI2c2MlM0RXV1clMjZ1ciUzRCVFNSVCOSVCRiVFNSVCNyU5RSUyNmxyJTNEJUU1JUI5JUJGJUU1JUI3JTlFJTI2ZnQlM0QlN0IlN0Q%3D#from=mpl_search_suggest
派逗蛙亲水乐园,0,广东·广州·天河区,0,0,0,广州天河区黄村奥体南路12号优托邦商城东门广场,"113.422409,23.13699",以快乐运动为主题，引导健康生活为理念,/ticket/detail_3586683979.html?st=a3clM0QlRTUlQTQlQTklRTYlQjIlQjMlMjZpZCUzRDE5MjEyNCUyNnR5cGUlM0QwJTI2aWR4JTNEMTM2JTI2cXQlM0RyZWdpb24lMjZhcGslM0QyJTI2c2MlM0RXV1clMjZ1ciUzRCVFNSVCOSVCRiVFNSVCNyU5RSUyNmxyJTNEJUU1JUI5JUJGJUU1JUI3JTlFJTI2ZnQlM0QlN0IlN0Q%3D#from=mpl_search_suggest
乐漫冰雪王国（奥体优托邦店）,0,广东·广州·天河区,0,0,0,广东省广州市天河区奥体南路12号优托邦二楼E222。,"113.42227,23.136384",内家庭亲子乐园,/ticket/detail_2964879678.html?st=a3clM0QlRTUlQTQlQTklRTYlQjIlQjMlMjZpZCUzRDQ2NjAzOCUyNnR5cGUlM0QwJTI2aWR4JTNEMTM3JTI2cXQlM0RyZWdpb24lMjZhcGslM0QyJTI2c2MlM0RXV1clMjZ1ciUzRCVFNSVCOSVCRiVFNSVCNyU5RSUyNmxyJTNEJUU1JUI5JUJGJUU1JUI3JTlFJTI2ZnQlM0QlN0IlN0Q%3D#from=mpl_search_suggest
简方点点美术教育,0,广东·广州·天河区,0,0,0,广东省广州市天河区枫叶路加拿大花园4号8B,"113.374384,23.141144",绘画其实是很简单的事情,/ticket/detail_1509721842.html?st=a3clM0QlRTUlQTQlQTklRTYlQjIlQjMlMjZpZCUzRDQ1NjMyNyUyNnR5cGUlM0QwJTI2aWR4JTNEMTM4JTI2cXQlM0RyZWdpb24lMjZhcGslM0QyJTI2c2MlM0RXV1clMjZ1ciUzRCVFNSVCOSVCRiVFNSVCNyU5RSUyNmxyJTNEJUU1JUI5JUJGJUU1JUI3JTlFJTI2ZnQlM0QlN0IlN0Q%3D#from=mpl_search_suggest
【广州】日本剧团新感线GEKICINE系列戏剧影像 《阿修罗城之瞳》,0,广东·广州·天河区,0,0,0,广州大剧院 实验剧场广东省广州市天河区珠江西路1号,"113.329131,23.120842","日本剧团新感线GEKI×CINE系列戏剧影像 《阿修罗城之瞳》
Japan Theater SHINKANSEN GEK",/ticket/detail_322351520.html?st=a3clM0QlRTUlQTQlQTklRTYlQjIlQjMlMjZpZCUzRDUwNjQ3MiUyNnR5cGUlM0QwJTI2aWR4JTNEMTM5JTI2cXQlM0RyZWdpb24lMjZhcGslM0QyJTI2c2MlM0RXV1clMjZ1ciUzRCVFNSVCOSVCRiVFNSVCNyU5RSUyNmxyJTNEJUU1JUI5JUJGJUU1JUI3JTlFJTI2ZnQlM0QlN0IlN0Q%3D#from=mpl_search_suggest
【广州】杨丽萍作品大型多媒体舞台剧《平潭映象》,0,广东·广州·天河区,0,0,0,广东艺术剧院广州市广州大道中1229号,"113.319753,23.150881",《平潭映象》是知名舞蹈艺术家杨丽萍继《云南映象》、《黄山映象》之后的第三个映象系列作品，是她导演的第八部大型舞台剧作品，,/ticket/detail_2422405616.html?st=a3clM0QlRTUlQTQlQTklRTYlQjIlQjMlMjZpZCUzRDUwNjY2OCUyNnR5cGUlM0QwJTI2aWR4JTNEMTQwJTI2cXQlM0RyZWdpb24lMjZhcGslM0QyJTI2c2MlM0RXV1clMjZ1ciUzRCVFNSVCOSVCRiVFNSVCNyU5RSUyNmxyJTNEJUU1JUI5JUJGJUU1JUI3JTlFJTI2ZnQlM0QlN0IlN0Q%3D#from=mpl_search_suggest
白梧桐私人定制会所,0,广东·广州·天河区,0,0,0,广东省广州市天河区长福路200号,"113.35656,23.17183",卸下沉重的生活包袱，来这里放松身心吧,/ticket/detail_1931334039.html?st=a3clM0QlRTUlQTQlQTklRTYlQjIlQjMlMjZpZCUzRDIwMTU0NyUyNnR5cGUlM0QwJTI2aWR4JTNEMTQxJTI2cXQlM0RyZWdpb24lMjZhcGslM0QyJTI2c2MlM0RXV1clMjZ1ciUzRCVFNSVCOSVCRiVFNSVCNyU5RSUyNmxyJTNEJUU1JUI5JUJGJUU1JUI3JTlFJTI2ZnQlM0QlN0IlN0Q%3D#from=mpl_search_suggest
广州彩虹泡泡跑,0,广东·广州·天河区,0,0,0,广东省广州市天河区广州海心沙亚运公园,"113.331427,23.117521",承包整个海心沙，给您和孩子带来成长的快乐,/ticket/detail_3672173103.html?st=a3clM0QlRTUlQTQlQTklRTYlQjIlQjMlMjZpZCUzRDQ2ODAwMSUyNnR5cGUlM0QwJTI2aWR4JTNEMTQyJTI2cXQlM0RyZWdpb24lMjZhcGslM0QyJTI2c2MlM0RXV1clMjZ1ciUzRCVFNSVCOSVCRiVFNSVCNyU5RSUyNmxyJTNEJUU1JUI5JUJGJUU1JUI3JTlFJTI2ZnQlM0QlN0IlN0Q%3D#from=mpl_search_suggest
伊甸园之梦：约瑟夫·克里班斯基亚洲首展,0,广东·广州·天河区,0,0,0,广州市天河区珠江东路6号K11购物艺术中心四楼chi K11艺术空间、三楼艺术廊桥、一楼活·现艺术,"113.33304,23.124068","伊甸园之梦：约瑟夫·克里班斯基亚洲首展
艺术家：约瑟夫·克里班斯基
此次展览——“伊甸园之梦”，是艺术家克里班斯基在亚洲",/ticket/detail_909635616.html?st=a3clM0QlRTUlQTQlQTklRTYlQjIlQjMlMjZpZCUzRDUwNTA2MSUyNnR5cGUlM0QwJTI2aWR4JTNEMTQzJTI2cXQlM0RyZWdpb24lMjZhcGslM0QyJTI2c2MlM0RXV1clMjZ1ciUzRCVFNSVCOSVCRiVFNSVCNyU5RSUyNmxyJTNEJUU1JUI5JUJGJUU1JUI3JTlFJTI2ZnQlM0QlN0IlN0Q%3D#from=mpl_search_suggest
文化馆小剧场,0,广东·广州·天河区,0,0,0,广东广州天河区天河路621号天娱广场西塔九楼,"113.346251,23.140953",可容纳200多人,/ticket/detail_3035639060.html?st=a3clM0QlRTUlQTQlQTklRTYlQjIlQjMlMjZpZCUzRDIxMzM1NiUyNnR5cGUlM0QwJTI2aWR4JTNEMTQ0JTI2cXQlM0RyZWdpb24lMjZhcGslM0QyJTI2c2MlM0RXV1clMjZ1ciUzRCVFNSVCOSVCRiVFNSVCNyU5RSUyNmxyJTNEJUU1JUI5JUJGJUU1JUI3JTlFJTI2ZnQlM0QlN0IlN0Q%3D#from=mpl_search_suggest
亚瑞斯健身工作室(南天店),0,广东·广州·天河区,0,0,0,广东省广州市天河区花城大道5号南天广场龙庭阁3107,"113.322871,23.125906",高品质的训练人群，一个好的社交平台,/ticket/detail_3350328451.html?st=a3clM0QlRTUlQTQlQTklRTYlQjIlQjMlMjZpZCUzRDQ1MDc3MiUyNnR5cGUlM0QwJTI2aWR4JTNEMTQ1JTI2cXQlM0RyZWdpb24lMjZhcGslM0QyJTI2c2MlM0RXV1clMjZ1ciUzRCVFNSVCOSVCRiVFNSVCNyU5RSUyNmxyJTNEJUU1JUI5JUJGJUU1JUI3JTlFJTI2ZnQlM0QlN0IlN0Q%3D#from=mpl_search_suggest
童趣天地儿童主题乐园,0,广东·广州·天河区,0,0,0,广东省广州市天河区中山大道西777号骏唐购物广场,"113.389726,23.132188",在繁华中体味童真,/ticket/detail_1403612564.html?st=a3clM0QlRTUlQTQlQTklRTYlQjIlQjMlMjZpZCUzRDQ1NzIyOCUyNnR5cGUlM0QwJTI2aWR4JTNEMTQ2JTI2cXQlM0RyZWdpb24lMjZhcGslM0QyJTI2c2MlM0RXV1clMjZ1ciUzRCVFNSVCOSVCRiVFNSVCNyU5RSUyNmxyJTNEJUU1JUI5JUJGJUU1JUI3JTlFJTI2ZnQlM0QlN0IlN0Q%3D#from=mpl_search_suggest
曼联92再续传奇明星足球赛广州站,0,广东·广州·天河区,0,0,0,广东省广州市天河区广州大道中1268号,"113.325306,23.149382",92黄金一代 永远的红魔记忆,/ticket/detail_3710448531.html?st=a3clM0QlRTUlQTQlQTklRTYlQjIlQjMlMjZpZCUzRDQ2NTg2MSUyNnR5cGUlM0QwJTI2aWR4JTNEMTQ3JTI2cXQlM0RyZWdpb24lMjZhcGslM0QyJTI2c2MlM0RXV1clMjZ1ciUzRCVFNSVCOSVCRiVFNSVCNyU5RSUyNmxyJTNEJUU1JUI5JUJGJUU1JUI3JTlFJTI2ZnQlM0QlN0IlN0Q%3D#from=mpl_search_suggest
kboss名堂旗舰店,0,广东·广州·天河区,0,0,0,广州市天河区黄埔大道西495号,"113.349199,23.132353", ,/ticket/detail_2306493004.html?st=a3clM0QlRTUlQTQlQTklRTYlQjIlQjMlMjZpZCUzRDUwNzgyNyUyNnR5cGUlM0QwJTI2aWR4JTNEMTQ4JTI2cXQlM0RyZWdpb24lMjZhcGslM0QyJTI2c2MlM0RXV1clMjZ1ciUzRCVFNSVCOSVCRiVFNSVCNyU5RSUyNmxyJTNEJUU1JUI5JUJGJUU1JUI3JTlFJTI2ZnQlM0QlN0IlN0Q%3D#from=mpl_search_suggest
一水同舟龙舟文化展览馆,0,广东·广州·天河区,0,0,0,广州市天河区东尚街东尚明苑2-4栋架空层,"113.408591,23.135556", ,/ticket/detail_2812811604.html?st=a3clM0QlRTUlQTQlQTklRTYlQjIlQjMlMjZpZCUzRDUwODE0MiUyNnR5cGUlM0QwJTI2aWR4JTNEMTQ5JTI2cXQlM0RyZWdpb24lMjZhcGslM0QyJTI2c2MlM0RXV1clMjZ1ciUzRCVFNSVCOSVCRiVFNSVCNyU5RSUyNmxyJTNEJUU1JUI5JUJGJUU1JUI3JTlFJTI2ZnQlM0QlN0IlN0Q%3D#from=mpl_search_suggest
【广州】李六乙胡军濮存昕卢芳 力献莎翁经典《哈姆雷特》,0,广东·广州·天河区,0,0,0,广州大剧院 歌剧厅广东省广州市天河区珠江西路1号,"113.329131,23.120842","* 继《李尔王》之后，中国当代具国际影响力戏剧导演李六乙又一莎翁力作
* 打破传统，走入深邃诗性的精神旅程",/ticket/detail_563654932.html?st=a3clM0QlRTUlQTQlQTklRTYlQjIlQjMlMjZpZCUzRDUwNjQyMyUyNnR5cGUlM0QwJTI2aWR4JTNEMTUwJTI2cXQlM0RyZWdpb24lMjZhcGslM0QyJTI2c2MlM0RXV1clMjZ1ciUzRCVFNSVCOSVCRiVFNSVCNyU5RSUyNmxyJTNEJUU1JUI5JUJGJUU1JUI3JTlFJTI2ZnQlM0QlN0IlN0Q%3D#from=mpl_search_suggest
